期号,前区1,前区2,前区3,前区4,前区5,后区1,后区2
2007001,22,24,29,31,35,4,11
2007002,15,22,31,34,35,5,12
2007003,3,4,18,23,32,1,6
2007004,6,10,16,17,25,2,4
2007005,1,9,19,20,30,2,11
2007006,1,16,20,23,28,3,6
2007007,14,16,25,26,35,4,9
2007008,2,8,11,21,23,4,7
2007009,1,3,9,19,34,9,12
2007010,6,8,18,29,34,9,11
2007011,29,32,33,34,35,9,10
2007012,3,12,15,29,34,7,11
2007013,12,17,27,29,34,6,9
2007014,1,2,7,29,32,6,7
2007015,2,8,12,13,17,11,12
2007016,1,14,19,24,31,3,12
2007017,13,14,29,32,34,3,12
2007018,3,4,16,23,28,6,9
2007019,3,6,17,22,23,4,6
2007020,2,6,11,12,18,5,12
2007021,2,4,24,29,33,1,2
2007022,8,10,12,23,25,3,10
2007023,8,10,23,32,34,8,10
2007024,6,16,20,25,31,4,9
2007025,22,24,26,27,34,2,10
2007026,5,9,13,33,35,1,8
2007027,2,3,10,19,27,6,10
2007028,20,26,30,34,35,3,10
2007029,15,22,25,29,35,9,11
2007030,11,14,27,33,35,2,7
2007031,3,21,27,31,32,6,8
2007032,1,13,21,23,32,4,11
2007033,1,5,8,14,22,3,12
2007034,6,8,11,13,22,2,11
2007035,7,11,16,31,32,1,12
2007036,15,18,21,27,34,1,2
2007037,1,6,7,17,31,11,12
2007038,6,21,25,27,32,8,9
2007039,10,11,20,21,35,7,11
2007040,5,21,25,28,35,1,4
2007041,3,16,17,22,35,1,8
2007042,7,10,22,31,35,5,6
2007043,4,9,22,24,31,2,6
2007044,4,5,7,12,26,1,10
2007045,9,16,20,26,35,11,12
2007046,4,16,18,23,30,1,10
2007047,1,6,15,19,35,2,9
2007048,8,25,26,29,35,6,8
2007049,9,10,15,17,32,4,6
2007050,13,21,22,30,35,1,11
2007051,3,7,24,28,35,8,11
2007052,1,14,29,32,33,5,10
2007053,11,16,19,21,25,1,10
2007054,4,10,19,29,34,3,6
2007055,10,16,24,31,33,7,10
2007056,4,11,17,20,21,5,9
2007057,14,16,30,32,35,6,7
2007058,8,21,25,28,33,2,6
2007059,4,15,23,31,33,3,9
2007060,12,13,29,30,31,4,7
2007061,2,10,19,28,29,2,9
2007062,1,4,10,14,29,11,12
2007063,10,31,33,34,35,7,12
2007064,2,16,32,33,35,5,10
2007065,19,20,24,29,31,9,10
2007066,4,7,8,19,24,7,12
2007067,11,18,25,30,31,4,9
2007068,4,9,13,14,33,6,10
2007069,2,13,16,21,35,1,5
2007070,7,26,29,30,35,3,4
2007071,10,22,32,33,35,1,7
2007072,21,24,26,27,33,1,5
2007073,4,5,9,12,23,2,11
2007074,16,17,23,24,31,5,10
2007075,5,11,20,30,32,7,11
2007076,2,9,12,15,31,9,10
2007077,4,6,12,13,24,1,4
2007078,9,12,14,22,23,1,2
2007079,6,9,25,26,31,2,8
2007080,1,15,20,25,27,5,10
2007081,6,18,20,22,35,4,9
2007082,3,5,14,33,34,7,8
2007083,1,5,20,21,24,3,4
2007084,5,11,18,29,34,10,11
2007085,17,24,28,29,33,2,5
2007086,14,18,19,26,28,3,9
2007087,8,18,30,31,33,4,9
2007088,17,18,21,23,33,6,10
2007089,8,13,24,30,34,1,12
2007090,4,20,24,31,33,9,12
2007091,7,12,26,31,32,3,8
2007092,6,19,27,28,29,6,10
2007093,6,8,16,25,27,8,12
2008001,1,2,11,34,35,3,10
2008002,1,12,24,31,32,10,12
2008003,1,11,13,32,35,2,7
2008004,9,22,24,31,33,8,9
2008005,18,25,29,31,34,9,10
2008006,10,12,26,29,34,5,7
2008007,3,4,5,12,28,3,12
2008008,2,6,8,17,32,8,9
2008009,4,8,12,24,30,5,8
2008010,6,23,24,27,29,6,8
2008011,14,20,22,24,27,7,10
2008012,2,10,29,32,35,2,3
2008013,1,11,19,22,35,5,9
2008014,4,7,10,28,34,1,6
2008015,9,18,20,27,33,6,9
2008016,8,10,11,17,19,6,9
2008017,2,14,25,29,32,1,6
2008018,3,6,7,11,30,2,3
2008019,8,24,25,29,31,4,5
2008020,4,5,15,17,33,4,8
2008021,5,10,13,21,24,4,9
2008022,9,12,13,25,31,8,10
2008023,6,26,31,32,34,7,10
2008024,8,12,17,20,30,1,2
2008025,6,10,12,15,28,4,12
2008026,1,21,22,24,25,8,10
2008027,5,17,23,31,32,4,8
2008028,3,11,17,19,26,7,12
2008029,6,11,18,29,30,4,11
2008030,3,21,23,26,35,5,8
2008031,14,20,23,27,28,2,4
2008032,3,9,19,27,33,9,10
2008033,3,10,21,23,30,1,9
2008034,6,7,18,34,35,5,10
2008035,2,12,13,29,30,5,7
2008036,9,19,22,30,32,1,10
2008037,11,20,24,31,35,4,10
2008038,12,13,19,32,33,2,10
2008039,7,11,15,27,35,4,7
2008040,4,8,19,22,29,8,11
2008041,7,17,21,22,28,5,10
2008042,5,10,13,32,35,4,5
2008043,5,8,10,31,33,2,4
2008044,2,21,23,27,32,10,11
2008045,14,32,33,34,35,2,4
2008046,11,25,26,27,35,7,8
2008047,12,18,22,23,30,6,12
2008048,1,13,22,25,27,2,10
2008049,1,11,14,28,30,3,10
2008050,1,5,11,26,27,3,7
2008051,1,7,9,11,33,3,11
2008052,3,18,19,30,35,5,9
2008053,1,13,21,23,32,3,6
2008054,5,14,23,31,35,2,6
2008055,2,14,28,30,35,4,12
2008056,15,19,25,30,31,3,9
2008057,5,8,9,17,33,5,6
2008058,3,9,11,29,33,3,12
2008059,7,13,21,25,31,8,10
2008060,3,13,17,23,30,1,11
2008061,7,10,14,19,32,3,6
2008062,1,15,27,28,29,3,10
2008063,7,11,24,30,35,6,8
2008064,14,18,24,27,31,6,7
2008065,19,22,23,25,32,6,12
2008066,2,7,21,22,25,4,12
2008067,3,10,14,15,22,4,7
2008068,6,9,11,33,34,6,10
2008069,5,13,16,29,33,6,8
2008070,9,17,18,21,31,1,5
2008071,1,5,11,14,25,1,9
2008072,10,25,32,33,34,3,9
2008073,2,5,6,7,31,8,10
2008074,10,13,22,31,35,4,12
2008075,1,10,13,30,33,6,7
2008076,3,5,10,27,34,1,12
2008077,1,8,21,33,34,5,7
2008078,8,17,20,28,31,7,11
2008079,20,23,26,32,33,5,12
2008080,6,9,29,31,33,5,11
2008081,7,8,20,22,29,4,7
2008082,15,19,29,33,35,1,2
2008083,6,14,15,30,31,3,10
2008084,2,17,20,22,25,5,11
2008085,3,7,13,15,19,2,10
2008086,1,6,10,22,35,3,7
2008087,14,22,32,33,35,1,5
2008088,7,11,19,27,31,2,3
2008089,8,13,24,32,33,3,9
2008090,4,11,18,33,34,2,6
2008091,9,13,19,22,25,4,10
2008092,3,23,26,32,34,4,9
2008093,6,7,10,24,30,5,8
2008094,7,12,19,27,34,11,12
2008095,3,4,11,21,25,1,7
2008096,6,7,12,25,28,2,12
2008097,1,10,31,33,35,3,10
2008098,7,10,22,27,33,4,8
2008099,3,18,23,25,30,6,10
2008100,12,20,26,29,30,2,6
2008101,10,13,23,31,33,4,11
2008102,5,25,26,29,35,3,10
2008103,2,11,22,30,34,4,9
2008104,7,8,10,24,34,8,11
2008105,12,21,22,26,35,4,5
2008106,3,5,21,28,33,2,6
2008107,1,2,13,15,16,4,9
2008108,11,16,24,29,32,9,11
2008109,1,10,18,28,34,5,8
2008110,5,16,25,27,33,4,9
2008111,2,11,12,14,19,5,9
2008112,4,18,26,32,33,5,8
2008113,11,14,17,19,22,1,8
2008114,2,3,22,27,31,6,7
2008115,7,9,19,21,33,7,10
2008116,6,8,15,24,31,1,3
2008117,13,23,24,25,30,2,8
2008118,6,9,19,25,30,6,12
2008119,1,2,10,19,27,1,11
2008120,21,23,24,25,32,3,4
2008121,11,23,24,32,35,4,10
2008122,3,6,12,20,29,9,12
2008123,1,6,12,28,31,8,9
2008124,2,10,13,29,33,6,10
2008125,1,4,28,33,34,6,11
2008126,9,29,32,34,35,1,8
2008127,8,21,22,31,33,1,7
2008128,12,15,23,24,25,10,11
2008129,13,16,20,25,27,4,5
2008130,3,5,22,29,34,7,12
2008131,8,9,12,21,32,7,11
2008132,6,14,24,27,29,5,9
2008133,10,12,15,33,35,3,9
2008134,11,13,15,28,35,8,10
2008135,7,22,25,29,33,1,12
2008136,3,28,29,32,34,1,6
2008137,1,10,25,32,35,5,9
2008138,4,5,18,22,35,7,8
2008139,1,6,10,14,22,6,8
2008140,2,9,11,29,32,8,9
2008141,9,15,18,30,34,4,5
2008142,6,18,21,30,35,8,9
2008143,1,2,22,29,32,1,4
2008144,10,19,27,28,33,5,12
2008145,5,16,27,29,30,5,11
2008146,9,23,24,26,33,7,12
2008147,16,18,19,24,35,11,12
2008148,3,7,20,33,35,4,7
2008149,2,5,6,27,29,3,4
2008150,1,9,10,15,25,3,8
2008151,7,10,27,31,34,8,9
2008152,3,5,14,20,33,7,11
2008153,2,4,6,25,26,2,5
2008154,5,7,10,29,32,4,6
2009001,1,15,23,27,30,4,10
2009002,1,4,7,12,30,5,10
2009003,16,18,23,30,32,2,11
2009004,1,3,22,32,35,6,10
2009005,10,11,15,31,32,5,8
2009006,2,4,22,31,35,9,12
2009007,6,14,15,29,35,6,11
2009008,4,17,21,29,31,2,12
2009009,12,18,23,26,32,6,9
2009010,2,9,12,21,29,7,11
2009011,2,11,13,14,21,2,4
2009012,2,5,20,25,31,10,12
2009013,5,24,26,30,35,5,12
2009014,8,14,15,25,26,7,9
2009015,1,5,10,16,27,3,4
2009016,10,11,20,26,27,9,11
2009017,5,11,23,26,33,4,12
2009018,1,6,13,28,29,3,9
2009019,4,29,31,32,35,4,10
2009020,5,16,18,32,35,2,11
2009021,1,15,31,32,34,3,8
2009022,12,14,17,34,35,4,11
2009023,15,17,21,27,33,7,11
2009024,29,31,32,33,35,10,11
2009025,3,17,22,23,33,4,10
2009026,24,30,31,32,34,10,12
2009027,3,22,26,33,34,9,10
2009028,6,20,30,32,35,9,11
2009029,3,4,13,17,24,4,11
2009030,1,7,27,30,32,1,4
2009031,7,11,19,21,22,1,11
2009032,4,12,20,26,29,6,10
2009033,2,8,18,21,32,8,11
2009034,5,19,31,32,35,4,9
2009035,3,7,9,28,33,3,8
2009036,2,12,26,31,33,9,10
2009037,17,18,19,25,31,1,11
2009038,6,17,20,29,32,4,5
2009039,1,3,7,10,33,3,4
2009040,3,16,30,32,33,1,10
2009041,5,9,20,23,29,4,10
2009042,11,24,25,26,31,2,7
2009043,5,21,22,32,35,2,5
2009044,1,7,18,29,34,3,9
2009045,1,9,14,24,35,6,9
2009046,1,9,24,34,35,4,9
2009047,13,18,21,24,29,3,6
2009048,5,6,22,25,27,11,12
2009049,5,16,28,29,34,11,12
2009050,5,15,28,32,33,8,9
2009051,3,11,22,26,29,5,12
2009052,23,24,30,34,35,1,3
2009053,5,9,24,31,33,5,6
2009054,2,12,19,29,30,7,12
2009055,5,8,14,23,24,5,6
2009056,4,13,17,32,35,3,6
2009057,6,15,22,27,30,2,9
2009058,8,10,14,27,32,2,7
2009059,2,13,14,29,33,4,11
2009060,18,28,29,30,31,4,8
2009061,2,10,21,26,34,2,10
2009062,4,22,23,29,31,5,11
2009063,5,6,18,21,22,1,7
2009064,6,10,11,17,34,11,12
2009065,1,12,24,27,32,2,11
2009066,1,8,19,24,31,6,12
2009067,3,6,25,28,32,2,5
2009068,2,12,15,20,28,1,12
2009069,14,16,27,30,33,8,12
2009070,10,21,24,30,31,3,10
2009071,4,20,29,30,33,2,11
2009072,23,26,29,32,33,5,10
2009073,1,10,19,21,30,1,4
2009074,15,17,19,23,32,1,11
2009075,1,7,11,32,33,9,11
2009076,3,9,11,18,24,4,5
2009077,7,20,28,32,34,6,8
2009078,11,23,26,31,34,5,11
2009079,1,2,7,13,34,4,10
2009080,7,16,19,29,35,2,11
2009081,2,15,20,25,33,3,6
2009082,5,11,26,29,32,8,11
2009083,2,5,28,34,35,1,7
2009084,5,9,19,26,35,2,10
2009085,6,13,27,33,34,9,12
2009086,1,2,7,26,29,10,12
2009087,10,24,28,30,33,1,10
2009088,13,16,27,32,34,3,9
2009089,3,6,11,19,27,2,7
2009090,18,25,30,33,34,4,10
2009091,1,5,17,32,34,3,7
2009092,10,21,22,27,29,8,12
2009093,7,9,22,30,33,9,11
2009094,1,5,21,23,29,5,12
2009095,8,18,24,30,33,1,6
2009096,7,12,28,32,33,1,3
2009097,6,13,14,22,25,1,4
2009098,11,17,19,25,26,2,10
2009099,3,9,21,23,33,6,10
2009100,16,20,25,29,33,1,8
2009101,2,10,14,22,26,4,9
2009102,11,13,29,32,35,10,12
2009103,16,20,28,32,33,1,2
2009104,15,25,29,32,33,10,11
2009105,1,25,26,34,35,6,11
2009106,11,21,22,25,34,6,9
2009107,11,12,33,34,35,1,10
2009108,1,9,14,29,30,7,10
2009109,2,11,13,26,35,6,10
2009110,22,28,30,31,34,7,9
2009111,4,11,13,19,35,10,12
2009112,2,8,12,34,35,4,5
2009113,3,4,10,18,27,6,8
2009114,2,8,25,29,33,3,7
2009115,1,2,6,8,26,5,12
2009116,12,15,23,30,33,9,12
2009117,7,21,29,31,33,9,10
2009118,10,17,18,21,34,5,11
2009119,3,12,22,23,28,4,12
2009120,11,23,27,28,32,2,5
2009121,4,5,8,11,22,2,10
2009122,1,2,11,31,33,5,6
2009123,10,21,28,29,32,6,10
2009124,1,3,14,32,35,7,11
2009125,8,20,23,29,31,2,11
2009126,14,23,27,28,33,8,12
2009127,5,9,27,32,34,5,8
2009128,6,21,28,32,34,4,7
2009129,2,10,18,32,33,3,8
2009130,9,14,25,32,34,2,8
2009131,2,3,8,33,34,3,11
2009132,2,10,12,15,28,4,7
2009133,1,8,24,27,34,10,11
2009134,2,16,19,28,33,7,11
2009135,6,8,15,20,32,5,6
2009136,7,13,23,24,29,6,10
2009137,12,28,29,30,34,1,9
2009138,3,4,14,28,32,9,10
2009139,14,16,20,22,32,5,9
2009140,7,8,19,26,30,1,12
2009141,13,14,21,30,33,2,8
2009142,5,6,13,24,31,3,11
2009143,1,9,10,11,22,1,12
2009144,18,26,32,33,34,4,6
2009145,5,11,14,22,35,3,10
2009146,11,17,23,24,25,3,6
2009147,6,12,18,22,29,5,8
2009148,2,4,13,14,33,1,9
2009149,1,3,10,12,20,2,7
2009150,4,11,18,25,34,5,7
2009151,3,8,14,30,31,4,9
2009152,1,23,29,30,32,7,12
2009153,21,22,30,32,34,3,7
2010001,2,6,7,12,27,2,8
2010002,4,23,25,26,30,7,10
2010003,5,14,23,27,30,2,8
2010004,3,6,21,24,34,4,6
2010005,4,17,19,22,30,2,3
2010006,3,13,19,30,34,2,5
2010007,7,23,26,29,32,8,11
2010008,11,23,25,31,32,5,11
2010009,2,5,13,27,32,3,11
2010010,15,22,24,32,35,2,9
2010011,2,3,11,27,32,8,11
2010012,20,24,30,31,33,5,12
2010013,18,21,22,26,34,9,12
2010014,18,19,30,33,35,2,4
2010015,3,10,14,18,28,8,10
2010016,10,12,20,23,32,4,10
2010017,13,21,23,27,34,9,12
2010018,3,10,26,32,33,4,12
2010019,3,11,19,26,27,2,9
2010020,8,18,26,32,33,1,6
2010021,11,20,23,24,25,7,9
2010022,2,11,13,14,25,2,5
2010023,11,13,29,32,33,2,8
2010024,3,14,19,24,25,4,11
2010025,9,11,13,14,25,1,7
2010026,5,23,25,31,35,7,10
2010027,5,23,26,32,34,2,9
2010028,1,2,7,20,35,1,3
2010029,21,22,33,34,35,3,4
2010030,10,12,19,32,35,2,7
2010031,5,13,16,17,35,6,8
2010032,13,16,23,24,33,7,11
2010033,12,19,28,29,30,5,8
2010034,1,6,19,25,26,3,9
2010035,14,16,20,31,34,1,7
2010036,19,25,28,31,33,1,8
2010037,19,21,26,34,35,1,9
2010038,8,10,25,29,33,1,2
2010039,7,19,26,28,32,1,8
2010040,13,20,26,31,35,2,11
2010041,16,22,28,29,34,4,12
2010042,1,5,19,34,35,6,7
2010043,5,8,10,33,35,2,10
2010044,6,21,24,28,30,2,7
2010045,8,17,18,20,28,9,10
2010046,2,15,19,26,27,5,6
2010047,4,8,11,30,31,2,8
2010048,2,3,10,12,25,3,9
2010049,1,25,29,31,33,4,10
2010050,7,8,15,30,35,5,10
2010051,6,10,20,24,32,6,10
2010052,4,6,25,29,32,5,6
2010053,9,19,22,26,34,9,11
2010054,12,25,29,30,33,10,11
2010055,13,14,17,27,32,2,10
2010056,5,9,23,25,30,9,12
2010057,15,17,24,32,35,7,9
2010058,6,15,17,19,30,1,12
2010059,6,10,14,25,34,1,3
2010060,10,13,22,33,34,1,5
2010061,5,12,14,17,22,5,7
2010062,6,7,18,30,31,7,8
2010063,7,14,16,30,31,3,6
2010064,7,10,12,20,21,6,9
2010065,5,8,13,14,32,8,11
2010066,15,21,22,24,27,1,6
2010067,1,11,19,30,32,3,10
2010068,11,17,19,20,34,6,10
2010069,6,17,18,25,29,8,9
2010070,5,14,23,25,28,11,12
2010071,7,12,26,30,32,2,7
2010072,5,10,17,23,25,3,10
2010073,4,9,11,30,32,1,11
2010074,3,7,20,27,32,2,12
2010075,10,12,17,23,27,5,7
2010076,9,12,16,19,35,2,12
2010077,6,7,9,17,24,2,12
2010078,2,3,15,28,35,1,11
2010079,1,4,21,22,24,2,5
2010080,8,19,27,29,34,4,10
2010081,14,18,20,24,27,5,10
2010082,5,8,24,29,30,4,6
2010083,7,11,21,22,35,4,7
2010084,3,13,14,22,26,2,5
2010085,2,10,16,18,34,2,3
2010086,1,2,12,19,35,5,7
2010087,1,12,20,21,24,2,8
2010088,3,5,14,30,35,3,6
2010089,4,10,13,18,23,8,10
2010090,8,24,26,31,32,7,9
2010091,6,10,23,26,31,5,7
2010092,2,15,29,30,34,2,12
2010093,2,4,9,28,29,5,8
2010094,20,32,33,34,35,6,7
2010095,12,14,16,19,25,1,6
2010096,4,9,24,30,35,1,10
2010097,9,17,21,28,29,2,8
2010098,2,3,12,13,25,1,7
2010099,3,11,17,21,30,1,8
2010100,19,20,30,33,35,6,8
2010101,11,15,22,27,35,5,8
2010102,4,15,19,24,35,1,10
2010103,10,14,29,30,35,5,8
2010104,14,25,30,32,33,1,11
2010105,5,17,26,27,35,8,9
2010106,5,27,28,29,34,9,12
2010107,14,17,22,27,34,3,5
2010108,1,10,13,19,34,9,12
2010109,1,2,8,11,25,10,12
2010110,21,29,30,33,35,7,11
2010111,3,6,13,14,29,1,2
2010112,14,15,18,34,35,8,10
2010113,5,16,22,23,32,4,10
2010114,3,7,22,25,35,3,11
2010115,5,7,10,15,32,3,8
2010116,14,22,27,28,35,4,10
2010117,4,6,21,27,34,5,9
2010118,19,22,23,29,35,8,10
2010119,5,13,14,23,26,2,3
2010120,8,10,18,34,35,6,10
2010121,21,22,31,32,34,2,12
2010122,5,6,11,13,26,2,7
2010123,18,20,30,32,33,1,11
2010124,1,9,27,29,34,1,6
2010125,1,7,9,14,19,9,12
2010126,3,5,9,13,33,5,11
2010127,3,22,24,30,33,4,10
2010128,6,17,19,29,35,2,8
2010129,14,15,24,25,26,3,7
2010130,5,6,9,10,34,8,11
2010131,10,15,22,28,29,4,12
2010132,18,21,23,25,29,6,11
2010133,11,16,17,21,22,3,6
2010134,9,12,13,19,30,4,5
2010135,14,17,19,26,32,3,4
2010136,3,13,18,30,33,7,8
2010137,22,27,28,33,35,9,11
2010138,8,12,14,19,27,5,6
2010139,3,13,16,19,29,7,9
2010140,6,18,20,30,31,3,6
2010141,5,11,17,23,33,3,10
2010142,10,11,19,21,27,4,6
2010143,10,16,18,22,27,6,8
2010144,2,11,16,22,31,10,11
2010145,18,19,27,28,33,3,6
2010146,14,17,30,31,34,4,10
2010147,1,15,19,21,23,11,12
2010148,3,4,8,10,35,2,6
2010149,5,22,24,25,30,1,6
2010150,5,24,28,29,35,1,9
2010151,1,10,32,33,35,3,8
2010152,2,5,18,22,23,7,12
2010153,6,7,16,24,35,4,6
2011001,7,8,15,32,34,5,12
2011002,11,13,27,28,29,2,6
2011003,1,24,27,30,31,1,6
2011004,7,8,10,23,25,7,9
2011005,1,7,25,27,30,7,12
2011006,2,8,16,26,35,11,12
2011007,14,24,32,33,35,2,9
2011008,1,23,26,27,30,5,6
2011009,9,10,11,14,24,3,8
2011010,4,8,10,14,27,5,7
2011011,2,17,23,24,30,2,9
2011012,3,12,19,25,30,8,11
2011013,5,8,14,28,30,4,6
2011014,2,14,20,21,24,2,9
2011015,8,18,19,22,23,1,3
2011016,15,20,30,33,35,6,9
2011017,16,19,24,26,31,2,4
2011018,16,22,24,32,34,2,10
2011019,8,21,23,27,33,6,11
2011020,9,12,19,22,28,1,5
2011021,1,9,13,17,30,2,8
2011022,9,14,24,25,34,1,4
2011023,5,13,16,18,24,2,12
2011024,12,15,16,20,33,8,12
2011025,8,9,25,28,29,2,10
2011026,1,9,15,20,29,7,9
2011027,5,14,25,34,35,2,5
2011028,1,2,13,17,28,1,4
2011029,3,9,17,24,28,6,12
2011030,15,19,25,30,33,3,8
2011031,12,17,19,22,35,4,11
2011032,7,16,23,31,33,3,10
2011033,3,19,24,29,33,3,9
2011034,3,6,9,17,27,3,9
2011035,3,4,13,15,32,4,9
2011036,3,18,29,30,33,8,9
2011037,1,12,14,22,24,10,12
2011038,7,9,11,13,33,10,12
2011039,1,11,14,22,34,6,8
2011040,3,7,15,18,20,1,6
2011041,4,5,11,13,25,3,6
2011042,6,9,18,30,32,10,12
2011043,2,8,23,33,35,5,10
2011044,11,21,24,26,31,6,7
2011045,13,21,22,29,31,7,11
2011046,9,15,16,19,29,4,6
2011047,2,15,22,33,35,5,8
2011048,13,17,25,27,28,2,3
2011049,5,6,10,22,25,1,9
2011050,4,7,29,32,33,8,10
2011051,6,8,12,17,18,5,10
2011052,13,24,31,32,33,3,9
2011053,3,16,28,31,32,1,9
2011054,5,9,16,26,35,3,10
2011055,1,7,31,32,35,2,10
2011056,3,5,29,30,31,8,10
2011057,7,11,30,31,34,9,12
2011058,1,9,27,32,33,3,6
2011059,9,16,21,29,34,7,10
2011060,3,25,29,32,34,9,10
2011061,6,7,16,18,20,4,10
2011062,6,10,17,20,21,3,7
2011063,10,17,18,26,32,1,5
2011064,1,6,27,30,34,1,6
2011065,3,11,14,25,34,1,4
2011066,6,13,18,20,33,9,10
2011067,10,17,22,24,32,3,10
2011068,1,13,16,18,32,7,9
2011069,3,5,28,29,33,4,12
2011070,9,19,22,29,30,2,8
2011071,27,31,33,34,35,4,6
2011072,3,11,13,20,35,3,8
2011073,13,19,20,22,33,5,11
2011074,7,16,23,28,31,3,6
2011075,6,9,20,23,28,6,10
2011076,18,23,25,29,30,1,2
2011077,5,8,19,33,34,1,12
2011078,4,9,16,27,30,2,6
2011079,1,3,23,30,31,2,10
2011080,5,12,30,31,32,1,3
2011081,4,13,20,21,35,2,9
2011082,7,20,25,30,32,5,9
2011083,6,8,18,20,24,4,8
2011084,14,29,31,34,35,1,12
2011085,2,17,19,21,22,3,10
2011086,4,5,6,9,15,1,6
2011087,6,13,20,25,34,7,9
2011088,20,21,27,29,35,3,8
2011089,5,6,23,27,34,3,4
2011090,2,4,29,30,34,5,8
2011091,11,17,23,29,30,6,8
2011092,10,17,19,32,33,1,12
2011093,4,6,8,19,31,10,11
2011094,11,21,22,32,34,4,8
2011095,9,12,17,19,29,6,11
2011096,3,8,20,24,25,1,2
2011097,4,19,28,31,33,11,12
2011098,6,7,28,33,35,1,10
2011099,2,6,9,12,20,5,8
2011100,8,11,13,28,33,8,9
2011101,5,12,20,28,30,3,7
2011102,19,24,28,31,34,4,12
2011103,3,4,26,29,34,1,3
2011104,7,19,27,28,34,2,5
2011105,2,11,26,32,33,5,12
2011106,1,9,29,30,35,5,9
2011107,2,6,18,30,32,1,8
2011108,7,15,18,24,28,1,7
2011109,1,11,12,22,34,8,10
2011110,30,31,33,34,35,4,7
2011111,2,11,13,23,31,11,12
2011112,6,17,28,32,33,8,12
2011113,4,5,7,10,12,4,5
2011114,6,8,17,27,35,2,11
2011115,17,26,30,31,35,6,11
2011116,10,15,18,19,26,7,12
2011117,10,12,28,32,33,3,5
2011118,4,7,11,32,35,5,7
2011119,4,15,20,26,31,6,12
2011120,20,25,26,30,31,9,10
2011121,2,3,30,31,33,3,9
2011122,3,8,23,24,34,5,12
2011123,10,14,18,19,35,1,6
2011124,8,12,14,20,25,6,8
2011125,7,10,27,34,35,10,12
2011126,7,17,29,30,33,10,12
2011127,1,11,22,26,29,5,8
2011128,3,4,6,11,13,1,2
2011129,1,7,13,18,23,4,8
2011130,8,9,13,23,35,11,12
2011131,3,5,12,18,33,7,11
2011132,12,14,16,19,33,2,9
2011133,4,11,23,26,35,3,12
2011134,1,10,12,14,17,9,10
2011135,6,22,29,33,35,3,12
2011136,8,9,11,19,33,3,12
2011137,2,15,18,23,31,1,2
2011138,17,23,26,30,32,6,12
2011139,4,6,10,15,16,3,4
2011140,1,12,32,33,34,9,11
2011141,2,11,19,22,35,10,12
2011142,4,26,30,33,34,4,6
2011143,8,9,12,25,33,7,10
2011144,7,18,24,28,33,2,3
2011145,7,15,19,24,29,4,6
2011146,9,13,19,29,34,2,11
2011147,1,15,16,27,28,2,7
2011148,7,10,11,26,31,3,4
2011149,2,7,12,29,31,3,5
2011150,13,22,30,33,34,6,12
2011151,7,11,14,20,27,3,10
2011152,1,4,6,21,35,2,11
2011153,6,22,29,30,35,3,5
2011154,4,12,16,20,28,8,11
2012001,7,27,28,32,33,1,12
2012002,3,11,14,26,29,7,8
2012003,16,22,24,33,34,3,10
2012004,10,11,22,31,32,6,7
2012005,1,2,29,31,33,7,12
2012006,3,20,22,25,27,1,9
2012007,4,5,13,17,25,7,10
2012008,6,8,30,31,32,1,11
2012009,6,14,20,29,35,9,10
2012010,25,26,29,32,34,5,7
2012011,5,19,22,29,30,2,4
2012012,6,18,22,30,35,2,7
2012013,7,8,11,12,24,1,2
2012014,10,14,24,30,32,1,12
2012015,12,13,24,26,33,6,8
2012016,5,14,20,29,31,8,12
2012017,6,11,22,29,34,3,12
2012018,3,10,14,29,31,4,8
2012019,7,9,17,30,34,1,12
2012020,12,14,27,29,34,3,6
2012021,10,15,21,31,34,7,8
2012022,7,12,20,33,35,1,10
2012023,7,9,17,29,35,9,10
2012024,3,11,17,21,30,3,7
2012025,1,2,5,12,27,4,7
2012026,10,11,22,23,29,2,9
2012027,3,10,11,22,31,5,7
2012028,10,12,15,33,34,3,10
2012029,4,7,8,18,29,7,10
2012030,3,21,22,26,32,1,3
2012031,19,21,23,25,30,3,8
2012032,7,8,16,26,34,7,11
2012033,8,13,19,27,32,1,8
2012034,1,8,15,16,29,8,9
2012035,1,4,30,32,35,8,12
2012036,1,9,20,30,31,8,12
2012037,9,13,27,31,35,3,10
2012038,11,23,25,31,35,1,3
2012039,15,21,22,24,35,1,5
2012040,2,13,23,28,29,1,5
2012041,1,2,13,22,23,2,10
2012042,7,24,27,28,35,7,12
2012043,1,6,25,31,34,3,9
2012044,3,4,14,32,35,1,2
2012045,5,11,17,20,28,11,12
2012046,4,8,19,23,27,4,11
2012047,5,7,17,30,34,3,10
2012048,6,9,26,30,35,5,6
2012049,9,18,22,27,31,10,12
2012050,13,17,22,28,29,1,10
2012051,1,2,17,18,33,5,12
2012052,10,20,26,31,33,10,12
2012053,11,12,26,28,31,7,12
2012054,1,16,18,27,30,10,11
2012055,7,22,26,32,33,1,8
2012056,11,21,23,26,34,7,9
2012057,1,2,14,33,34,3,5
2012058,13,21,29,31,35,4,12
2012059,9,13,19,21,27,3,4
2012060,2,16,21,24,30,6,10
2012061,5,10,14,27,33,7,9
2012062,21,32,33,34,35,8,9
2012063,11,25,26,29,35,1,2
2012064,9,12,13,15,30,9,10
2012065,10,22,28,29,34,5,11
2012066,1,20,25,29,33,4,6
2012067,20,22,27,30,33,1,2
2012068,1,21,31,32,35,3,6
2012069,2,4,22,25,34,2,11
2012070,9,22,23,32,34,6,8
2012071,13,23,29,31,34,6,8
2012072,4,8,17,22,25,4,10
2012073,18,23,29,33,34,2,7
2012074,10,22,23,30,32,1,7
2012075,7,9,10,18,22,5,10
2012076,2,14,16,22,24,2,5
2012077,10,30,32,33,34,2,3
2012078,1,2,23,25,35,5,12
2012079,1,5,25,32,33,1,10
2012080,11,12,14,25,28,2,5
2012081,10,16,17,30,35,1,8
2012082,2,4,9,10,15,8,10
2012083,16,19,28,29,31,5,8
2012084,21,24,27,29,31,1,2
2012085,7,18,29,31,33,10,12
2012086,3,20,25,29,32,5,10
2012087,1,6,7,21,31,4,11
2012088,13,17,24,30,35,2,10
2012089,6,12,21,29,32,6,11
2012090,2,21,27,29,33,2,10
2012091,3,10,28,31,33,1,9
2012092,8,9,23,25,31,2,12
2012093,2,16,21,31,33,4,11
2012094,2,14,23,32,35,1,10
2012095,6,9,22,27,30,8,12
2012096,5,10,19,24,35,8,9
2012097,9,17,24,29,32,1,2
2012098,2,11,28,29,30,6,12
2012099,12,18,24,25,32,2,12
2012100,7,9,13,19,27,1,3
2012101,2,5,8,9,31,3,7
2012102,2,4,6,13,35,4,8
2012103,2,9,18,23,24,1,4
2012104,16,18,24,25,27,4,9
2012105,5,6,14,15,31,6,8
2012106,15,23,25,29,31,9,10
2012107,4,7,9,22,33,1,3
2012108,6,7,12,24,35,2,6
2012109,1,22,30,32,35,9,11
2012110,1,11,17,19,26,5,12
2012111,1,24,25,30,33,4,11
2012112,1,2,28,31,35,5,7
2012113,3,10,22,27,29,3,12
2012114,3,6,21,33,35,1,7
2012115,1,6,13,19,23,6,9
2012116,1,11,18,20,22,7,10
2012117,1,12,18,21,33,7,8
2012118,5,17,25,30,33,1,12
2012119,5,6,9,19,32,6,9
2012120,2,10,21,23,29,3,4
2012121,7,18,20,29,30,5,6
2012122,23,24,25,29,31,3,12
2012123,5,8,18,30,33,1,9
2012124,7,11,19,20,35,5,10
2012125,6,14,17,22,35,1,2
2012126,13,14,21,28,29,5,10
2012127,12,13,14,25,35,10,12
2012128,9,10,19,30,31,4,11
2012129,1,7,21,28,31,3,9
2012130,14,19,23,29,30,6,7
2012131,2,16,18,27,30,8,12
2012132,5,8,21,25,33,1,11
2012133,5,7,13,29,30,1,5
2012134,1,6,18,32,35,2,7
2012135,3,5,17,18,33,6,7
2012136,2,23,29,30,31,1,4
2012137,3,12,20,21,27,1,6
2012138,13,17,27,31,33,6,12
2012139,9,10,12,22,25,4,11
2012140,7,17,27,28,29,9,10
2012141,3,11,19,23,34,2,12
2012142,15,19,29,34,35,7,10
2012143,9,27,29,30,31,3,6
2012144,11,13,14,21,29,1,10
2012145,5,22,31,33,35,6,9
2012146,1,10,13,17,26,6,8
2012147,2,3,17,19,33,2,9
2012148,4,16,27,29,34,6,11
2012149,2,10,23,33,34,5,10
2012150,2,14,18,24,31,2,3
2012151,3,19,20,24,33,3,4
2012152,4,17,26,33,34,2,8
2012153,8,9,10,13,22,5,10
2012154,3,26,27,31,32,3,9
2013001,6,9,11,31,32,5,11
2013002,4,20,27,31,32,6,12
2013003,1,16,18,21,31,9,12
2013004,7,8,12,20,25,3,7
2013005,18,22,26,28,31,10,12
2013006,8,20,25,31,32,5,7
2013007,14,29,32,33,34,3,6
2013008,2,7,25,29,34,3,6
2013009,10,17,19,27,29,5,12
2013010,9,15,17,18,29,9,11
2013011,1,2,8,15,23,6,9
2013012,1,14,31,32,34,2,11
2013013,13,15,29,30,35,1,11
2013014,5,8,25,29,31,2,4
2013015,14,15,26,32,33,1,11
2013016,5,15,19,27,32,8,9
2013017,11,14,22,29,34,5,11
2013018,20,23,31,33,34,3,9
2013019,6,12,17,29,30,7,11
2013020,6,11,20,31,32,5,9
2013021,23,24,28,30,33,1,11
2013022,3,4,13,17,23,3,8
2013023,5,19,24,26,35,5,7
2013024,9,12,14,18,24,1,4
2013025,3,23,25,26,28,10,12
2013026,2,10,16,30,33,5,6
2013027,3,12,14,24,35,3,8
2013028,13,19,28,30,34,8,12
2013029,5,7,17,25,26,4,10
2013030,3,5,9,10,28,5,7
2013031,12,17,18,26,32,10,11
2013032,12,27,28,33,35,1,8
2013033,12,18,22,28,31,1,11
2013034,1,3,11,19,29,4,8
2013035,5,14,28,32,34,7,8
2013036,8,12,32,33,35,3,5
2013037,2,26,31,32,34,6,8
2013038,1,19,24,25,26,7,9
2013039,6,23,30,33,35,7,10
2013040,16,17,22,26,35,3,10
2013041,3,13,14,15,34,5,8
2013042,2,6,22,23,33,1,6
2013043,7,13,25,34,35,7,9
2013044,7,11,13,18,28,5,10
2013045,8,11,12,21,25,2,7
2013046,15,16,19,25,32,5,11
2013047,12,20,28,30,35,3,11
2013048,10,11,23,32,33,1,4
2013049,18,22,25,31,32,4,6
2013050,14,22,30,32,33,7,8
2013051,5,8,15,18,33,7,8
2013052,1,2,10,29,31,1,10
2013053,13,31,33,34,35,5,7
2013054,5,8,21,30,32,1,8
2013055,4,5,22,23,24,3,9
2013056,11,22,30,32,35,3,4
2013057,7,15,27,33,35,7,10
2013058,20,21,27,31,35,7,11
2013059,3,8,11,24,27,7,12
2013060,15,25,26,32,35,5,10
2013061,1,14,18,21,32,5,10
2013062,1,5,8,9,12,9,12
2013063,3,5,11,27,28,5,6
2013064,21,24,26,28,32,1,3
2013065,9,28,31,34,35,2,9
2013066,6,7,13,33,34,2,11
2013067,2,3,5,8,29,10,12
2013068,10,17,27,34,35,5,7
2013069,6,12,13,16,30,7,12
2013070,9,12,18,21,29,1,8
2013071,13,19,26,27,28,3,11
2013072,12,27,28,33,35,3,5
2013073,3,5,23,27,31,2,6
2013074,6,14,20,24,32,1,7
2013075,1,11,13,19,35,7,8
2013076,13,15,16,26,27,9,10
2013077,24,26,30,32,35,6,12
2013078,2,7,23,31,33,2,8
2013079,9,10,17,21,34,1,7
2013080,6,21,23,27,31,4,6
2013081,7,9,15,17,23,2,7
2013082,3,9,25,26,33,3,12
2013083,26,29,30,32,35,4,10
2013084,8,22,26,29,35,1,5
2013085,8,19,23,27,32,3,5
2013086,9,16,26,29,31,6,9
2013087,9,12,22,32,34,2,4
2013088,3,5,8,33,35,1,3
2013089,6,7,23,24,29,4,11
2013090,2,26,30,31,33,11,12
2013091,4,9,28,34,35,2,8
2013092,7,10,21,27,33,3,9
2013093,1,5,17,18,26,5,7
2013094,3,28,33,34,35,6,9
2013095,3,17,28,30,33,1,10
2013096,17,19,20,22,26,6,8
2013097,7,8,13,17,32,3,8
2013098,2,6,16,29,34,10,11
2013099,4,11,28,30,33,5,12
2013100,9,12,24,26,30,5,9
2013101,4,9,13,15,32,2,9
2013102,6,12,15,19,26,2,11
2013103,5,8,13,16,31,3,9
2013104,2,5,11,27,29,1,11
2013105,7,13,27,30,34,1,12
2013106,6,7,12,13,27,3,12
2013107,7,13,14,18,25,5,12
2013108,5,10,13,15,18,2,11
2013109,13,20,26,29,32,2,6
2013110,7,16,18,32,33,2,7
2013111,7,12,13,20,27,1,3
2013112,2,10,20,22,29,5,12
2013113,19,21,23,28,30,8,12
2013114,6,17,21,23,33,1,9
2013115,5,16,29,32,34,4,11
2013116,13,22,23,30,33,9,11
2013117,5,16,23,25,33,7,12
2013118,4,6,11,20,31,1,5
2013119,1,2,16,23,35,1,11
2013120,6,14,15,22,26,3,11
2013121,3,18,19,20,24,3,12
2013122,15,17,20,24,35,4,12
2013123,2,9,10,33,34,5,12
2013124,5,7,18,21,32,10,11
2013125,4,8,14,23,28,4,8
2013126,9,10,15,18,30,3,6
2013127,3,14,16,19,32,5,10
2013128,11,13,27,33,35,1,2
2013129,11,23,29,30,33,1,4
2013130,8,9,15,19,30,6,9
2013131,12,15,29,30,31,4,12
2013132,23,26,28,31,34,2,10
2013133,2,8,10,16,17,9,12
2013134,2,13,19,23,32,2,9
2013135,4,13,19,25,26,7,12
2013136,5,11,15,25,28,5,11
2013137,4,12,32,33,34,6,8
2013138,3,8,13,17,24,7,9
2013139,5,6,18,20,31,6,7
2013140,1,12,17,26,28,1,6
2013141,5,15,18,25,31,8,10
2013142,6,11,25,28,29,4,12
2013143,3,8,14,21,31,6,8
2013144,3,20,21,23,35,2,8
2013145,2,13,15,18,20,2,11
2013146,6,7,15,25,31,1,9
2013147,3,9,22,24,25,5,9
2013148,2,5,9,29,32,3,7
2013149,6,7,8,9,13,5,7
2013150,6,7,14,18,22,8,11
2013151,2,13,21,27,30,3,4
2013152,9,12,14,18,19,3,9
2013153,4,5,16,17,30,3,9
2014001,5,13,20,23,29,8,11
2014002,1,12,21,24,29,1,7
2014003,7,11,13,21,33,5,6
2014004,7,10,19,27,28,9,12
2014005,15,17,18,29,33,4,8
2014006,1,4,7,16,35,6,8
2014007,8,11,14,21,32,3,11
2014008,11,13,20,28,35,1,5
2014009,10,18,25,29,33,7,8
2014010,5,10,20,26,27,1,3
2014011,4,6,14,24,35,7,12
2014012,9,20,21,23,29,5,7
2014013,10,11,13,22,28,4,12
2014014,1,9,11,27,29,3,11
2014015,4,6,18,20,30,5,7
2014016,4,6,13,24,34,4,9
2014017,5,10,11,23,34,1,10
2014018,8,9,12,28,34,2,12
2014019,7,12,22,29,32,11,12
2014020,1,14,17,30,35,6,7
2014021,6,10,17,23,24,3,9
2014022,3,6,10,16,25,10,11
2014023,4,13,15,29,33,5,9
2014024,7,11,15,31,32,6,11
2014025,19,20,27,32,34,6,8
2014026,5,10,12,15,26,4,8
2014027,9,10,24,28,29,10,12
2014028,3,10,20,25,30,10,12
2014029,3,21,22,23,35,5,9
2014030,3,14,18,29,35,11,12
2014031,6,15,27,32,33,3,4
2014032,2,5,6,9,31,2,9
2014033,1,7,8,28,29,4,8
2014034,3,11,14,27,32,5,7
2014035,9,12,14,28,29,3,10
2014036,1,2,12,17,29,3,8
2014037,3,4,8,19,34,2,4
2014038,7,8,12,20,32,3,5
2014039,2,5,11,15,20,8,11
2014040,12,15,21,30,33,2,8
2014041,5,7,11,15,18,5,12
2014042,16,21,25,27,35,6,11
2014043,1,11,23,29,30,1,12
2014044,22,23,25,27,35,3,11
2014045,6,10,12,16,30,2,11
2014046,3,15,18,21,26,1,6
2014047,6,17,18,30,34,6,12
2014048,1,2,5,15,35,1,11
2014049,3,15,17,22,31,3,5
2014050,10,18,27,28,35,1,6
2014051,1,7,11,29,30,3,11
2014052,14,19,21,24,30,2,7
2014053,2,11,17,27,30,3,4
2014054,2,3,20,25,34,1,12
2014055,4,23,26,27,35,10,11
2014056,12,18,28,29,35,7,8
2014057,8,10,20,27,33,1,9
2014058,9,15,22,24,26,2,7
2014059,7,15,17,25,29,4,11
2014060,12,22,29,30,34,5,11
2014061,4,11,17,20,29,6,10
2014062,4,7,17,24,25,2,4
2014063,11,17,21,23,34,3,4
2014064,8,15,33,34,35,1,8
2014065,7,12,19,31,33,7,12
2014066,8,14,16,20,31,3,11
2014067,3,18,23,24,31,3,7
2014068,5,15,24,29,35,5,6
2014069,16,22,27,29,31,2,9
2014070,1,2,7,10,32,4,12
2014071,4,14,15,22,23,1,7
2014072,17,19,22,24,30,2,9
2014073,4,5,7,13,35,5,6
2014074,6,11,22,27,30,5,11
2014075,5,7,29,32,35,4,10
2014076,5,10,19,31,32,9,10
2014077,9,16,26,31,32,1,5
2014078,10,15,16,22,28,4,5
2014079,9,10,20,31,32,6,10
2014080,17,20,23,25,27,3,10
2014081,3,5,8,10,25,9,12
2014082,1,8,18,23,25,8,12
2014083,18,20,24,33,35,5,10
2014084,2,7,9,11,28,5,9
2014085,6,12,13,25,29,11,12
2014086,6,8,27,29,35,3,9
2014087,4,7,31,33,35,9,10
2014088,7,13,20,25,26,8,11
2014089,2,8,12,29,30,7,12
2014090,2,3,20,23,28,6,8
2014091,10,16,18,29,32,2,7
2014092,2,18,27,30,32,5,11
2014093,3,8,30,32,34,9,11
2014094,13,14,24,25,34,4,7
2014095,6,22,30,31,34,5,6
2014096,3,7,21,23,31,5,10
2014097,3,15,20,21,23,7,9
2014098,16,18,22,25,35,3,10
2014099,15,21,22,23,33,1,7
2014100,2,4,8,12,35,1,7
2014101,9,10,12,17,28,3,11
2014102,1,7,14,19,20,3,12
2014103,14,20,23,25,26,10,12
2014104,7,13,14,28,32,4,11
2014105,4,10,26,29,32,4,8
2014106,5,9,11,20,22,5,11
2014107,5,13,14,21,34,8,10
2014108,1,2,13,23,35,9,12
2014109,15,18,20,21,23,1,2
2014110,9,18,19,22,24,8,11
2014111,11,16,18,20,29,3,4
2014112,3,5,14,18,32,2,10
2014113,2,13,17,19,23,1,6
2014114,3,16,24,30,33,5,8
2014115,1,5,26,29,30,2,10
2014116,6,13,15,24,27,4,5
2014117,3,14,17,18,33,6,9
2014118,2,3,23,24,26,5,11
2014119,4,8,9,13,18,8,12
2014120,1,4,6,18,33,5,11
2014121,13,16,18,22,32,8,10
2014122,3,10,25,26,35,1,7
2014123,1,9,12,22,25,2,9
2014124,1,3,28,29,35,8,12
2014125,12,15,19,23,31,4,10
2014126,2,9,22,30,34,9,10
2014127,2,4,6,15,19,2,11
2014128,2,4,16,22,34,8,11
2014129,7,22,28,30,32,5,6
2014130,2,18,31,32,33,5,7
2014131,3,16,19,23,27,3,7
2014132,1,3,4,19,32,1,7
2014133,2,8,12,14,18,4,12
2014134,2,5,7,11,32,9,12
2014135,20,26,28,30,35,9,12
2014136,4,18,20,34,35,7,11
2014137,2,11,16,22,34,2,5
2014138,1,7,29,32,34,9,12
2014139,3,5,7,15,34,1,10
2014140,1,19,20,25,34,7,12
2014141,4,17,20,26,29,5,8
2014142,18,21,25,28,30,4,6
2014143,1,11,14,18,25,6,10
2014144,1,21,24,25,35,4,11
2014145,15,19,22,24,26,10,11
2014146,2,16,23,24,28,10,11
2014147,5,9,14,26,34,2,9
2014148,3,9,10,11,20,7,9
2014149,2,13,19,26,35,1,5
2014150,19,21,30,33,35,5,7
2014151,3,8,26,31,32,8,12
2014152,5,12,18,24,33,1,5
2014153,1,8,13,24,32,5,10
2014154,5,12,17,23,28,2,9
2015001,8,9,19,27,30,6,7
2015002,3,14,20,26,32,6,10
2015003,12,19,27,28,34,1,12
2015004,3,12,14,18,28,5,6
2015005,11,14,15,18,19,7,8
2015006,6,8,30,32,33,3,7
2015007,2,7,8,14,31,4,8
2015008,7,10,11,15,17,3,10
2015009,17,22,26,27,33,6,10
2015010,2,6,17,30,35,2,7
2015011,4,13,22,25,30,1,6
2015012,3,4,6,11,31,5,9
2015013,11,15,25,28,35,7,10
2015014,8,16,25,29,35,3,10
2015015,1,5,13,17,32,4,11
2015016,6,7,16,20,34,9,11
2015017,7,13,16,17,29,1,7
2015018,4,7,10,23,31,3,7
2015019,2,8,16,22,24,1,3
2015020,11,26,28,29,32,1,4
2015021,22,23,24,26,31,5,6
2015022,9,11,14,15,26,11,12
2015023,6,9,11,12,22,3,11
2015024,2,6,8,16,34,3,4
2015025,7,10,20,22,27,10,11
2015026,11,13,14,15,22,2,8
2015027,5,21,22,25,28,3,10
2015028,3,9,28,32,33,9,10
2015029,7,10,19,30,35,3,5
2015030,9,18,19,26,31,2,5
2015031,7,21,29,32,33,4,12
2015032,6,21,25,27,30,7,11
2015033,3,17,22,26,28,3,7
2015034,4,8,15,18,26,5,9
2015035,22,24,29,30,35,1,10
2015036,14,18,20,23,24,4,8
2015037,10,16,21,28,31,7,8
2015038,12,19,22,31,35,7,8
2015039,3,6,7,16,25,1,6
2015040,2,9,10,23,35,9,12
2015041,1,11,21,23,28,1,10
2015042,3,7,12,17,24,2,11
2015043,2,20,22,25,29,2,7
2015044,16,18,27,31,33,1,3
2015045,8,9,22,29,30,8,12
2015046,5,7,10,22,26,4,10
2015047,1,2,17,23,31,5,12
2015048,10,11,22,24,33,2,9
2015049,8,9,11,15,22,8,10
2015050,6,7,10,20,28,2,7
2015051,1,2,11,16,21,1,5
2015052,13,19,24,27,29,7,8
2015053,8,25,28,29,32,4,7
2015054,2,9,15,24,34,3,9
2015055,6,11,14,20,30,5,10
2015056,6,12,19,26,35,3,10
2015057,1,5,7,14,26,4,6
2015058,10,14,20,27,30,7,12
2015059,7,9,19,23,32,1,3
2015060,16,24,25,26,33,4,11
2015061,6,7,8,16,22,2,10
2015062,6,7,13,14,15,1,4
2015063,1,4,6,34,35,2,4
2015064,2,8,20,28,31,7,10
2015065,4,5,7,13,35,8,11
2015066,1,3,7,13,29,2,10
2015067,4,10,18,24,27,4,11
2015068,2,3,20,31,35,4,8
2015069,2,9,11,22,25,1,7
2015070,3,9,12,17,18,4,12
2015071,4,6,13,16,34,4,10
2015072,19,20,21,31,33,9,10
2015073,9,26,27,30,34,1,6
2015074,1,12,21,27,33,4,9
2015075,13,14,26,27,33,10,12
2015076,3,19,21,31,34,5,12
2015077,1,16,17,22,28,2,9
2015078,19,24,26,28,33,1,2
2015079,1,9,17,23,24,4,5
2015080,14,20,29,30,32,3,8
2015081,3,4,10,13,17,5,9
2015082,8,15,28,31,33,3,6
2015083,14,16,19,25,29,10,12
2015084,10,20,21,32,34,6,7
2015085,2,3,4,6,16,3,12
2015086,5,9,11,15,32,4,9
2015087,2,5,15,17,22,1,11
2015088,5,15,28,31,34,11,12
2015089,5,12,18,20,27,10,12
2015090,6,9,11,17,21,6,8
2015091,2,7,28,29,30,3,7
2015092,2,14,21,27,34,5,8
2015093,16,17,25,26,27,2,4
2015094,2,3,10,11,29,3,7
2015095,8,14,26,34,35,5,10
2015096,3,9,12,18,21,2,6
2015097,4,16,17,26,27,1,4
2015098,9,14,21,27,33,6,9
2015099,9,12,14,22,25,5,10
2015100,9,15,18,23,32,5,7
2015101,6,12,17,18,32,7,12
2015102,11,14,15,33,34,3,12
2015103,7,9,15,25,34,4,10
2015104,16,19,25,30,34,4,9
2015105,8,9,15,21,27,5,9
2015106,2,11,13,22,30,2,3
2015107,3,23,25,28,29,6,7
2015108,1,13,16,26,31,7,12
2015109,1,6,11,22,31,3,12
2015110,2,7,10,22,30,7,11
2015111,7,8,16,24,28,3,10
2015112,4,5,15,19,28,4,11
2015113,1,14,21,29,33,2,10
2015114,9,18,24,31,34,2,10
2015115,8,12,13,14,16,3,9
2015116,7,10,19,24,33,3,7
2015117,6,17,20,30,33,10,11
2015118,3,7,20,24,31,4,9
2015119,1,8,12,16,21,6,11
2015120,1,9,15,24,32,5,10
2015121,2,4,17,27,28,4,6
2015122,11,13,15,26,35,6,11
2015123,4,15,27,29,30,2,10
2015124,4,6,12,31,32,3,6
2015125,2,3,15,17,28,8,10
2015126,4,5,8,9,21,3,6
2015127,9,11,14,19,30,3,8
2015128,10,12,23,30,32,3,4
2015129,1,6,23,25,29,3,9
2015130,17,25,31,32,34,2,12
2015131,11,17,19,20,27,2,3
2015132,3,8,14,18,27,1,5
2015133,3,7,8,25,30,4,8
2015134,1,2,6,15,35,4,7
2015135,5,16,20,25,29,6,8
2015136,5,20,23,29,32,2,10
2015137,14,17,21,23,26,8,11
2015138,1,16,20,29,32,4,7
2015139,2,3,5,25,32,5,7
2015140,1,11,15,26,35,6,11
2015141,2,4,15,19,31,2,3
2015142,12,14,22,26,30,3,6
2015143,9,20,31,33,35,10,11
2015144,1,9,24,26,29,6,11
2015145,6,7,20,29,32,11,12
2015146,4,15,19,27,31,4,11
2015147,1,2,13,18,19,8,10
2015148,8,11,27,31,33,8,9
2015149,4,6,10,12,28,2,8
2015150,4,13,18,25,33,3,7
2015151,15,16,18,30,35,1,7
2015152,4,5,22,29,35,2,11
2015153,1,7,22,27,33,2,11
2016001,1,7,19,20,30,5,10
2016002,7,12,18,25,35,7,9
2016003,4,12,17,22,26,6,7
2016004,10,20,23,32,35,9,10
2016005,6,9,12,15,20,8,11
2016006,14,16,17,22,24,2,9
2016007,2,5,14,32,35,1,3
2016008,5,12,31,34,35,4,5
2016009,5,8,10,17,20,2,12
2016010,12,13,15,16,28,2,5
2016011,2,8,10,15,23,5,10
2016012,5,7,11,23,28,3,12
2016013,3,21,23,31,35,2,11
2016014,6,8,21,24,27,2,10
2016015,1,4,10,13,30,3,9
2016016,3,10,22,29,32,2,5
2016017,11,18,24,28,29,5,10
2016018,5,10,13,27,33,8,11
2016019,4,11,15,20,26,8,9
2016020,1,16,22,29,30,2,9
2016021,1,4,9,10,35,9,11
2016022,4,18,21,30,35,2,11
2016023,4,9,14,25,27,6,11
2016024,1,2,11,15,18,4,8
2016025,3,6,13,23,24,7,10
2016026,2,6,29,30,34,1,7
2016027,6,11,13,15,28,2,6
2016028,13,18,20,23,31,3,6
2016029,20,26,27,29,32,5,12
2016030,10,19,21,29,33,4,6
2016031,3,14,24,27,29,4,11
2016032,5,9,14,20,33,5,12
2016033,3,14,15,31,35,9,10
2016034,14,18,31,32,35,9,10
2016035,17,22,24,25,29,9,12
2016036,7,15,26,30,31,3,6
2016037,3,5,13,24,34,3,5
2016038,3,7,9,15,33,5,12
2016039,1,8,16,22,28,4,5
2016040,20,22,29,30,35,1,6
2016041,12,23,24,27,34,3,6
2016042,2,6,8,19,24,1,6
2016043,1,9,16,33,34,9,12
2016044,1,6,10,20,31,5,11
2016045,7,11,25,30,33,2,8
2016046,3,19,22,32,34,8,12
2016047,2,3,23,29,32,5,9
2016048,4,12,17,25,27,4,10
2016049,3,4,5,27,33,4,9
2016050,7,17,21,29,35,4,5
2016051,16,21,23,24,32,7,8
2016052,8,14,19,20,33,10,11
2016053,4,13,15,30,35,3,5
2016054,2,5,9,21,30,6,7
2016055,6,21,27,30,34,4,9
2016056,10,12,14,31,35,4,5
2016057,8,17,19,23,30,3,8
2016058,2,15,17,23,28,5,9
2016059,2,10,27,28,33,5,7
2016060,2,6,22,27,34,8,11
2016061,9,15,17,21,23,7,12
2016062,2,10,14,15,35,1,9
2016063,8,12,22,27,35,5,9
2016064,1,2,10,18,35,5,11
2016065,1,9,18,22,24,11,12
2016066,10,28,29,31,33,5,11
2016067,2,8,11,13,19,2,8
2016068,5,7,22,26,34,7,12
2016069,14,17,19,23,30,2,9
2016070,2,9,13,19,23,5,7
2016071,8,15,19,20,33,7,12
2016072,16,20,24,26,31,4,9
2016073,7,14,17,24,27,8,10
2016074,1,5,7,11,14,3,8
2016075,3,7,17,22,31,8,12
2016076,3,8,10,17,31,5,6
2016077,9,11,14,16,35,2,5
2016078,7,18,29,31,35,5,11
2016079,7,14,15,20,27,5,10
2016080,15,20,29,30,33,7,12
2016081,6,7,18,21,33,3,8
2016082,3,8,23,28,29,2,7
2016083,1,5,9,33,35,1,5
2016084,8,12,15,26,35,1,8
2016085,14,15,27,31,32,1,7
2016086,3,5,22,25,30,7,9
2016087,3,16,17,23,25,7,9
2016088,4,6,17,21,30,6,11
2016089,7,14,17,28,34,7,10
2016090,4,6,8,28,32,7,12
2016091,8,13,17,21,22,2,8
2016092,2,13,31,33,34,7,11
2016093,1,8,14,30,35,6,7
2016094,1,14,16,17,18,5,7
2016095,8,12,18,19,21,3,6
2016096,1,6,8,12,21,5,10
2016097,6,8,18,31,33,10,12
2016098,8,9,11,20,29,4,5
2016099,3,4,12,14,27,1,5
2016100,8,12,19,26,30,2,12
2016101,4,6,28,33,35,7,12
2016102,3,5,6,34,35,3,12
2016103,5,14,20,23,29,3,11
2016104,1,20,22,23,30,6,7
2016105,8,11,31,34,35,1,2
2016106,3,21,30,33,35,1,4
2016107,2,6,19,24,26,4,6
2016108,10,17,22,23,25,7,9
2016109,3,25,28,31,34,11,12
2016110,7,20,21,23,30,7,10
2016111,4,9,22,26,27,2,12
2016112,7,22,23,31,32,4,5
2016113,10,11,17,30,34,3,12
2016114,16,17,20,32,33,3,7
2016115,1,4,15,31,34,2,11
2016116,4,6,8,19,34,10,12
2016117,3,9,14,16,23,2,9
2016118,12,15,18,24,29,3,11
2016119,2,3,9,21,22,5,10
2016120,3,10,20,32,34,4,7
2016121,4,5,8,15,20,1,6
2016122,1,3,12,14,29,2,6
2016123,4,5,13,20,32,1,10
2016124,4,13,24,26,29,8,11
2016125,6,7,8,28,30,1,2
2016126,11,13,16,19,24,6,8
2016127,1,5,15,24,26,9,10
2016128,17,20,22,30,33,7,8
2016129,7,8,19,30,35,8,9
2016130,11,23,32,33,34,1,12
2016131,6,13,25,28,30,2,7
2016132,4,18,19,22,35,1,2
2016133,1,4,5,23,28,5,9
2016134,1,3,31,32,34,2,7
2016135,1,10,12,18,35,1,12
2016136,5,6,7,19,23,4,11
2016137,7,20,23,29,34,2,10
2016138,12,13,16,29,35,5,11
2016139,13,21,30,31,35,1,8
2016140,12,16,23,29,34,4,11
2016141,2,6,7,19,28,11,12
2016142,1,6,17,23,26,6,12
2016143,4,6,22,27,31,6,7
2016144,4,5,13,22,31,5,10
2016145,1,9,11,17,28,3,8
2016146,21,22,25,29,34,1,11
2016147,7,19,20,28,30,4,12
2016148,5,14,15,23,25,6,8
2016149,1,2,3,12,33,4,9
2016150,1,10,18,24,29,7,10
2016151,4,7,11,14,21,5,12
2016152,8,17,22,24,30,5,11
2016153,13,18,25,29,35,3,11
2016154,6,16,17,21,29,4,6
2017001,7,9,20,31,33,8,10
2017002,7,12,14,31,34,9,11
2017003,3,5,6,13,22,9,12
2017004,5,8,11,28,31,6,7
2017005,5,9,20,26,35,2,11
2017006,4,6,23,32,33,5,6
2017007,8,11,17,25,27,2,4
2017008,3,4,9,25,32,2,4
2017009,5,6,8,12,22,3,4
2017010,4,10,13,18,35,1,2
2017011,5,15,21,29,34,6,9
2017012,4,5,24,26,35,7,12
2017013,5,12,17,30,34,11,12
2017014,4,8,15,24,25,2,5
2017015,1,7,19,27,34,1,2
2017016,3,13,28,30,33,9,10
2017017,4,19,24,26,29,4,6
2017018,6,7,10,17,23,1,9
2017019,2,6,14,23,25,2,10
2017020,16,21,24,27,28,4,7
2017021,1,15,17,20,26,6,8
2017022,2,3,9,17,24,6,12
2017023,5,8,12,24,34,7,10
2017024,21,23,29,32,35,11,12
2017025,10,16,19,20,34,4,5
2017026,10,14,19,25,32,2,7
2017027,8,17,25,33,34,3,11
2017028,6,18,22,23,33,9,11
2017029,1,6,14,17,29,1,11
2017030,21,22,24,29,34,5,6
2017031,2,16,17,30,32,2,9
2017032,2,13,14,18,29,3,9
2017033,15,22,23,25,34,5,11
2017034,6,12,21,26,29,2,11
2017035,14,17,22,30,33,7,12
2017036,1,4,9,18,33,2,5
2017037,13,15,16,32,34,6,11
2017038,4,5,13,18,27,3,9
2017039,5,6,14,17,26,3,8
2017040,4,6,10,23,29,9,11
2017041,2,4,6,25,31,5,9
2017042,2,17,31,33,34,1,7
2017043,6,13,22,25,35,9,12
2017044,11,16,17,18,25,2,9
2017045,1,8,11,21,35,9,12
2017046,4,17,20,23,30,2,3
2017047,15,19,32,33,34,9,12
2017048,7,9,13,15,19,3,10
2017049,9,12,14,22,31,5,8
2017050,12,14,17,20,28,2,6
2017051,14,17,18,22,29,10,11
2017052,3,19,24,28,33,4,12
2017053,6,19,20,22,26,1,11
2017054,16,29,30,32,33,4,5
2017055,19,20,22,30,33,3,9
2017056,1,4,24,27,32,3,10
2017057,12,16,19,23,24,2,5
2017058,14,18,20,21,28,3,6
2017059,8,11,13,15,17,3,10
2017060,9,15,20,26,31,5,12
2017061,10,19,23,25,30,2,4
2017062,1,4,6,8,28,8,12
2017063,18,21,22,24,29,5,11
2017064,1,8,20,27,30,3,4
2017065,5,11,12,19,28,5,12
2017066,11,15,23,26,30,2,11
2017067,10,17,18,32,35,10,11
2017068,7,8,19,24,27,6,7
2017069,10,16,20,23,32,8,11
2017070,6,16,18,26,30,2,3
2017071,1,4,11,14,33,5,7
2017072,1,3,29,32,34,2,5
2017073,7,18,28,31,33,1,2
2017074,8,10,11,13,17,8,11
2017075,5,11,16,18,35,1,6
2017076,2,7,25,30,35,7,12
2017077,1,3,4,25,31,6,9
2017078,4,5,27,31,34,3,6
2017079,1,17,19,32,33,2,11
2017080,8,10,21,30,31,2,5
2017081,2,12,15,20,34,1,6
2017082,5,13,20,21,25,8,9
2017083,2,5,14,22,34,3,9
2017084,6,11,14,21,31,9,12
2017085,9,13,14,25,30,2,5
2017086,12,15,18,22,31,1,8
2017087,3,14,21,29,35,2,6
2017088,5,28,31,34,35,8,9
2017089,3,5,6,15,18,3,10
2017090,3,6,15,22,35,9,11
2017091,1,5,7,16,19,3,12
2017092,3,7,9,17,34,4,5
2017093,5,6,17,21,29,2,4
2017094,3,5,8,29,33,4,8
2017095,15,32,33,34,35,3,12
2017096,3,7,9,17,28,4,12
2017097,7,14,19,22,34,7,12
2017098,6,9,17,30,35,10,11
2017099,8,9,17,18,24,3,7
2017100,2,5,18,19,31,1,9
2017101,5,15,21,25,29,5,8
2017102,1,12,23,24,29,8,12
2017103,4,19,20,24,29,3,4
2017104,9,11,22,27,30,9,11
2017105,4,15,22,24,32,2,9
2017106,9,12,18,23,29,2,4
2017107,4,10,19,25,27,6,12
2017108,1,4,15,21,22,4,9
2017109,6,9,19,26,34,5,7
2017110,10,14,20,21,35,2,5
2017111,2,14,17,26,34,8,12
2017112,5,6,20,31,32,6,12
2017113,5,8,17,18,23,4,12
2017114,6,7,12,18,23,1,12
2017115,14,19,20,25,31,6,8
2017116,2,27,30,32,33,1,3
2017117,5,7,9,24,32,8,10
2017118,2,7,16,20,33,3,11
2017119,5,7,13,29,35,3,8
2017120,8,15,24,26,27,5,6
2017121,1,6,12,26,31,1,7
2017122,3,12,18,29,34,3,11
2017123,3,15,23,26,32,1,12
2017124,3,29,30,32,35,3,8
2017125,7,11,18,26,28,4,5
2017126,3,4,13,24,33,1,11
2017127,2,15,18,21,22,3,10
2017128,9,11,13,18,33,2,3
2017129,5,17,20,32,33,4,9
2017130,5,18,28,33,34,3,4
2017131,3,5,8,19,34,1,12
2017132,11,17,23,26,27,1,10
2017133,15,17,19,32,33,1,3
2017134,7,18,19,32,34,2,10
2017135,1,12,15,19,22,2,4
2017136,1,11,20,21,22,3,4
2017137,1,20,22,28,29,5,7
2017138,4,7,9,20,25,2,11
2017139,2,6,19,25,32,9,12
2017140,10,16,25,26,29,1,5
2017141,2,8,21,22,29,3,5
2017142,1,5,16,19,28,2,10
2017143,6,9,24,29,32,2,7
2017144,3,21,23,29,32,10,11
2017145,4,7,17,18,19,3,10
2017146,1,5,11,14,35,9,10
2017147,5,16,17,25,34,1,11
2017148,19,27,31,32,35,11,12
2017149,10,18,19,25,26,4,12
2017150,3,6,10,13,18,9,11
2017151,5,6,23,28,32,4,5
2017152,2,4,7,23,28,2,8
2017153,1,9,24,26,34,9,12
2018001,1,13,22,25,35,3,4
2018002,12,20,23,27,34,1,6
2018003,4,21,23,24,30,9,10
2018004,4,9,22,28,30,1,10
2018005,4,9,23,24,30,8,11
2018006,19,20,30,32,33,3,5
2018007,3,4,28,31,34,4,11
2018008,9,15,17,20,22,10,11
2018009,10,12,28,30,34,3,4
2018010,24,25,26,28,29,4,12
2018011,3,13,15,23,26,1,10
2018012,3,22,24,29,34,7,11
2018013,8,24,31,33,35,7,10
2018014,14,16,18,24,31,1,8
2018015,4,13,15,18,29,5,11
2018016,1,2,12,13,23,9,12
2018017,4,19,21,23,31,4,9
2018018,6,8,13,24,28,6,12
2018019,10,11,19,21,28,5,12
2018020,1,10,13,14,21,9,12
2018021,5,6,8,9,15,4,11
2018022,2,10,19,33,35,5,6
2018023,12,13,18,21,29,2,8
2018024,2,16,24,30,32,4,7
2018025,7,8,9,15,34,7,8
2018026,1,2,3,4,30,3,5
2018027,1,18,20,21,26,4,11
2018028,4,19,25,30,35,4,7
2018029,3,9,21,25,29,1,8
2018030,5,18,21,28,32,9,11
2018031,3,8,13,17,23,5,11
2018032,7,10,17,32,35,5,12
2018033,2,3,19,23,34,4,9
2018034,8,11,22,27,32,3,7
2018035,5,7,10,12,24,7,11
2018036,11,17,18,21,27,7,8
2018037,1,3,27,30,31,2,11
2018038,14,23,25,31,32,1,3
2018039,2,7,14,29,32,10,11
2018040,5,7,18,27,31,1,8
2018041,1,23,25,31,33,1,12
2018042,3,19,25,29,35,5,9
2018043,3,6,13,28,33,4,11
2018044,2,4,6,18,21,5,8
2018045,2,5,20,30,35,5,9
2018046,10,20,22,29,32,5,10
2018047,3,8,10,14,20,4,8
2018048,2,3,11,20,25,2,7
2018049,4,7,9,10,13,6,12
2018050,22,24,26,34,35,6,12
2018051,9,18,28,29,35,3,11
2018052,5,16,18,19,25,2,7
2018053,11,16,21,23,25,2,12
2018054,9,10,12,20,30,1,7
2018055,3,7,20,33,34,9,10
2018056,2,4,16,28,34,5,7
2018057,13,19,22,27,28,5,6
2018058,9,11,12,26,32,4,10
2018059,1,9,10,27,35,6,11
2018060,4,22,27,29,31,2,10
2018061,4,10,12,28,31,8,11
2018062,12,14,19,23,35,2,7
2018063,5,14,15,32,34,3,10
2018064,1,3,4,11,29,2,4
2018065,7,10,28,31,32,8,10
2018066,1,20,23,32,33,1,4
2018067,3,7,12,18,31,7,10
2018068,8,12,16,26,33,5,6
2018069,1,8,13,21,24,2,11
2018070,2,5,10,16,30,4,7
2018071,2,5,23,30,31,3,9
2018072,5,12,17,24,26,1,2
2018073,13,19,24,25,29,2,8
2018074,3,9,12,28,30,4,12
2018075,1,6,12,20,34,4,12
2018076,7,18,28,29,32,6,8
2018077,1,6,9,15,26,8,9
2018078,7,11,12,22,30,3,6
2018079,3,4,10,27,29,1,5
2018080,7,16,24,26,31,10,11
2018081,2,10,13,21,35,1,12
2018082,1,2,14,17,18,8,10
2018083,7,12,25,27,28,10,11
2018084,6,11,17,22,35,11,12
2018085,1,2,14,25,31,5,7
2018086,16,22,24,29,31,4,5
2018087,3,14,19,23,25,1,4
2018088,8,9,21,25,33,1,8
2018089,26,27,28,32,34,6,10
2018090,6,20,24,33,34,4,11
2018091,6,22,26,28,31,1,7
2018092,5,7,14,18,19,4,10
2018093,3,11,16,18,33,3,11
2018094,11,16,25,30,34,8,10
2018095,7,14,18,29,35,5,12
2018096,13,14,20,28,34,6,10
2018097,10,12,14,18,23,1,4
2018098,2,15,18,25,27,5,7
2018099,12,13,16,20,21,1,7
2018100,6,20,21,26,30,6,9
2018101,3,14,15,23,29,4,5
2018102,6,7,13,22,24,10,12
2018103,14,24,26,28,35,2,3
2018104,1,13,14,26,28,7,11
2018105,1,16,19,20,31,2,7
2018106,4,14,17,24,31,1,4
2018107,7,8,9,10,22,3,4
2018108,9,10,24,31,32,7,12
2018109,10,16,23,25,34,2,5
2018110,6,19,21,27,28,3,11
2018111,3,16,27,28,32,4,5
2018112,3,7,8,9,29,9,10
2018113,8,12,27,31,33,4,8
2018114,12,18,26,28,29,5,6
2018115,2,6,13,18,25,1,2
2018116,1,14,17,21,33,7,10
2018117,7,11,13,22,29,3,8
2018118,4,5,14,21,34,6,9
2018119,6,9,11,16,35,2,5
2018120,21,22,25,27,30,8,9
2018121,6,7,21,29,30,1,10
2018122,8,9,21,30,31,5,12
2018123,6,9,29,32,35,2,4
2018124,8,10,12,19,20,10,11
2018125,7,16,20,21,34,4,6
2018126,11,13,15,21,27,5,6
2018127,1,3,4,11,29,8,12
2018128,11,12,14,16,26,8,9
2018129,4,7,21,22,29,3,6
2018130,3,4,16,18,25,1,11
2018131,12,14,21,32,33,2,11
2018132,3,16,22,23,27,1,4
2018133,8,12,14,15,19,1,10
2018134,4,5,19,31,35,2,12
2018135,14,19,23,27,34,6,12
2018136,3,11,12,19,21,5,11
2018137,7,10,22,23,33,8,11
2018138,1,23,24,28,33,4,5
2018139,5,11,16,28,35,6,9
2018140,1,6,8,12,15,3,4
2018141,3,7,23,26,33,4,9
2018142,19,24,28,29,34,10,11
2018143,4,7,20,22,33,1,2
2018144,6,17,18,24,31,7,11
2018145,9,18,29,31,33,6,11
2018146,3,8,9,13,33,1,2
2018147,1,11,26,33,35,2,10
2018148,2,6,24,33,34,2,3
2018149,1,7,10,11,20,3,6
2018150,5,12,13,31,34,10,12
2018151,4,8,18,29,30,3,7
2018152,2,4,5,12,28,8,11
2018153,3,6,7,8,21,1,8
2018154,14,22,23,26,30,3,5
2019001,6,18,23,26,28,3,12
2019002,2,7,14,22,31,1,7
2019003,4,8,18,20,32,10,12
2019004,15,16,17,31,32,3,9
2019005,21,26,27,29,34,5,6
2019006,14,17,19,25,30,4,8
2019007,3,12,16,29,32,1,5
2019008,3,8,17,20,24,6,11
2019009,3,9,15,18,26,6,12
2019010,3,7,24,25,27,2,12
2019011,4,12,13,16,17,4,9
2019012,5,9,17,18,19,7,10
2019013,8,10,15,17,18,1,8
2019014,12,14,20,28,31,9,11
2019015,2,5,10,13,30,4,6
2019016,3,5,13,16,28,2,6
2019017,1,5,7,22,25,3,4
2019018,3,18,19,26,34,6,12
2019019,4,11,19,25,32,1,2
2019020,1,8,16,27,34,3,12
2019021,7,13,17,24,33,1,10
2019022,1,4,14,15,21,1,5
2019023,1,3,14,26,30,6,11
2019024,11,17,19,29,33,8,9
2019025,6,13,16,19,29,3,7
2019026,10,12,15,17,19,2,3
2019027,16,18,24,25,27,2,7
2019028,6,22,28,29,33,2,7
2019029,1,4,18,24,28,2,3
2019030,7,9,13,14,33,2,4
2019031,3,8,21,26,33,4,5
2019032,1,4,7,11,30,7,8
2019033,1,2,4,16,24,7,9
2019034,8,12,15,27,30,1,2
2019035,1,3,5,7,18,8,9
2019036,3,9,21,28,30,1,12
2019037,6,16,26,33,35,4,8
2019038,5,11,16,18,27,7,12
2019039,1,12,18,26,35,6,12
2019040,1,3,31,32,34,1,3
2019041,12,19,20,22,28,2,6
2019042,4,10,13,28,33,11,12
2019043,2,6,7,12,15,6,12
2019044,3,6,10,12,31,1,2
2019045,1,4,16,19,33,3,12
2019046,2,8,14,15,35,10,12
2019047,3,4,10,16,32,4,9
2019048,6,10,16,29,33,5,11
2019049,10,16,22,26,27,7,11
2019050,4,15,16,20,35,3,12
2019051,11,15,16,20,29,4,8
2019052,4,10,15,20,24,7,11
2019053,1,11,19,26,35,11,12
2019054,2,18,23,27,30,5,10
2019055,2,4,6,19,22,2,6
2019056,1,7,10,12,23,6,8
2019057,8,14,16,34,35,6,12
2019058,3,10,13,14,32,7,11
2019059,7,8,15,27,32,8,12
2019060,1,11,12,18,21,8,10
2019061,1,2,13,14,26,5,11
2019062,5,16,23,25,28,1,12
2019063,5,8,15,18,21,4,8
2019064,7,8,13,19,29,11,12
2019065,3,8,10,23,27,2,12
2019066,4,10,11,18,31,5,8
2019067,3,8,11,15,16,2,10
2019068,4,5,8,17,27,6,11
2019069,8,22,23,33,34,4,6
2019070,2,13,15,22,34,2,12
2019071,7,13,14,15,22,7,11
2019072,2,4,6,9,18,7,10
2019073,4,11,19,20,24,8,11
2019074,8,9,13,14,34,5,7
2019075,5,6,7,11,16,2,11
2019076,1,6,11,23,29,1,11
2019077,1,15,17,21,33,7,10
2019078,5,10,21,26,30,1,7
2019079,10,13,16,28,35,4,5
2019080,5,13,18,19,24,2,7
2019081,6,24,26,30,33,2,7
2019082,6,18,20,21,31,3,4
2019083,17,24,26,28,32,7,9
2019084,12,23,25,34,35,1,7
2019085,4,5,6,15,26,8,11
2019086,5,15,16,28,31,2,7
2019087,5,6,18,19,27,7,12
2019088,1,5,18,27,33,6,8
2019089,9,14,18,33,34,3,12
2019090,13,19,28,30,33,2,12
2019091,4,13,20,26,28,3,12
2019092,2,11,15,27,30,2,5
2019093,16,17,26,29,35,1,7
2019094,1,12,14,26,27,7,9
2019095,3,12,17,19,31,2,6
2019096,2,12,22,23,27,2,6
2019097,10,17,20,30,35,10,12
2019098,13,15,17,19,22,3,4
2019099,4,6,18,27,33,7,9
2019100,5,8,12,19,21,6,11
2019101,5,11,18,19,27,5,6
2019102,5,10,15,19,31,3,6
2019103,5,12,22,27,32,4,7
2019104,2,7,19,22,28,3,5
2019105,1,4,9,14,17,1,6
2019106,5,8,10,32,35,2,10
2019107,5,9,19,27,35,2,3
2019108,24,27,28,31,34,4,8
2019109,2,7,8,20,25,11,12
2019110,1,19,23,24,30,4,5
2019111,6,15,20,23,27,8,10
2019112,3,10,16,21,33,5,6
2019113,3,11,27,34,35,1,2
2019114,3,5,7,20,23,4,11
2019115,1,18,21,28,32,5,12
2019116,2,10,16,21,23,2,12
2019117,1,18,21,25,35,7,8
2019118,2,3,13,19,26,2,3
2019119,3,6,9,23,34,2,11
2019120,6,15,17,22,25,1,9
2019121,1,2,3,7,17,4,10
2019122,5,19,25,31,33,10,11
2019123,3,13,15,26,30,5,12
2019124,7,17,26,27,30,6,12
2019125,5,8,9,14,34,2,5
2019126,5,9,16,18,30,4,7
2019127,4,7,8,11,16,9,11
2019128,20,21,25,34,35,3,12
2019129,10,13,18,23,30,6,12
2019130,1,13,20,21,26,4,10
2019131,5,6,14,27,29,6,10
2019132,3,5,6,13,18,10,12
2019133,3,12,24,27,34,1,12
2019134,5,6,7,14,17,10,11
2019135,4,5,19,25,26,1,11
2019136,3,16,20,26,29,3,9
2019137,3,5,12,13,26,7,12
2019138,4,6,7,20,29,2,4
2019139,1,5,7,8,11,6,10
2019140,3,7,8,25,27,3,5
2019141,2,10,20,21,35,1,12
2019142,3,4,26,29,33,6,7
2019143,4,22,23,24,32,6,12
2019144,2,5,20,28,31,2,11
2019145,5,9,19,22,32,3,5
2019146,10,11,26,33,34,1,6
2019147,9,12,19,22,33,7,8
2019148,3,4,7,11,30,8,9
2019149,1,2,7,33,35,6,10
2019150,7,11,12,16,33,5,7
2020001,17,25,26,32,34,4,7
2020002,3,7,18,25,30,2,7
2020003,23,25,26,30,34,3,7
2020004,17,20,21,29,30,5,9
2020005,6,10,33,34,35,1,3
2020006,9,22,25,31,32,8,12
2020007,2,10,19,24,30,5,8
2020008,14,17,19,24,32,1,6
2020009,19,29,31,34,35,6,10
2020010,1,8,13,24,32,2,9
2020011,2,13,19,22,23,2,7
2020012,1,6,18,32,34,1,3
2020013,1,4,5,11,35,3,9
2020014,3,7,9,17,21,3,6
2020015,1,7,23,24,26,3,7
2020016,4,8,19,31,35,1,2
2020017,1,6,7,9,10,2,11
2020018,9,14,16,24,26,4,12
2020019,1,12,22,23,33,1,12
2020020,8,10,12,26,32,5,9
2020021,10,12,24,31,33,4,9
2020022,4,14,20,28,35,2,3
2020023,4,11,23,26,30,1,6
2020024,3,5,6,24,30,3,7
2020025,2,14,21,22,26,5,7
2020026,3,15,26,32,34,8,12
2020027,4,7,20,25,32,3,9
2020028,4,5,28,34,35,1,8
2020029,11,14,17,22,30,7,9
2020030,1,8,17,27,30,5,6
2020031,1,2,5,15,21,4,5
2020032,2,3,9,16,32,3,4
2020033,7,19,20,31,34,5,8
2020034,11,13,20,27,31,2,4
2020035,10,11,22,26,28,2,4
2020036,1,5,11,12,26,2,7
2020037,1,4,10,11,14,2,5
2020038,4,15,20,22,24,1,9
2020039,1,5,15,22,31,2,9
2020040,2,17,20,28,29,1,7
2020041,7,13,20,29,34,4,7
2020042,3,4,5,11,22,5,6
2020043,12,13,17,31,32,1,6
2020044,1,3,22,28,30,2,5
2020045,2,9,16,23,27,3,8
2020046,15,24,27,30,34,4,12
2020047,4,18,27,28,30,3,10
2020048,3,9,10,15,16,7,9
2020049,3,11,15,22,30,8,10
2020050,3,14,16,22,34,2,6
2020051,2,7,9,19,33,1,7
2020052,9,11,26,28,35,6,7
2020053,2,15,18,21,27,3,6
2020054,11,14,15,19,20,3,7
2020055,3,4,12,18,34,10,12
2020056,3,11,25,29,34,3,6
2020057,17,20,21,22,31,2,8
2020058,1,15,19,26,27,5,10
2020059,1,15,22,28,32,3,11
2020060,12,14,25,34,35,3,12
2020061,7,8,12,21,26,1,6
2020062,1,5,14,23,31,2,7
2020063,11,18,20,21,33,6,7
2020064,5,10,23,34,35,1,11
2020065,13,15,26,32,33,5,7
2020066,6,14,21,34,35,3,10
2020067,1,8,14,16,28,4,10
2020068,15,20,23,26,33,2,8
2020069,5,7,26,30,31,7,10
2020070,1,22,30,31,32,4,12
2020071,1,12,16,28,33,3,12
2020072,11,15,18,20,27,5,6
2020073,4,10,12,23,27,8,9
2020074,3,9,10,12,21,4,11
2020075,2,9,10,21,35,1,7
2020076,1,8,18,28,30,10,12
2020077,17,23,28,29,32,1,3
2020078,14,18,20,28,34,10,11
2020079,4,16,24,29,35,2,12
2020080,3,6,22,24,25,9,10
2020081,1,13,15,32,35,8,10
2020082,2,11,12,21,34,4,8
2020083,1,2,17,32,34,4,9
2020084,2,10,20,24,31,6,12
2020085,3,4,11,15,28,2,3
2020086,8,11,15,20,28,4,10
2020087,1,4,20,23,29,4,8
2020088,2,7,23,26,35,1,12
2020089,13,16,20,22,27,1,2
2020090,5,6,27,28,29,11,12
2020091,12,16,20,23,31,5,12
2020092,8,11,17,31,35,7,11
2020093,6,14,25,27,28,4,11
2020094,4,6,7,8,16,2,8
2020095,2,18,25,26,32,2,7
2020096,7,8,10,25,28,3,11
2020097,5,25,27,30,34,6,12
2020098,4,9,15,24,35,4,10
2020099,2,3,11,15,27,4,12
2020100,4,5,8,22,33,7,10
2020101,3,4,5,9,34,7,9
2020102,7,11,18,20,29,9,12
2020103,7,12,13,19,23,2,8
2020104,3,12,23,26,30,4,7
2020105,3,8,12,13,22,4,12
2020106,2,3,11,14,27,4,10
2020107,1,4,13,17,28,3,7
2020108,2,3,6,7,33,8,9
2020109,2,20,21,23,32,6,12
2020110,11,16,20,21,28,5,11
2020111,5,7,9,20,28,2,7
2020112,8,11,13,30,32,2,6
2020113,6,14,18,28,33,2,5
2020114,10,12,21,24,30,3,7
2020115,1,9,18,19,23,1,9
2020116,8,10,12,16,22,3,9
2020117,7,19,20,23,24,5,10
2020118,1,9,15,30,33,4,9
2020119,14,22,24,28,32,7,8
2020120,5,25,26,30,35,4,10
2020121,9,17,27,28,35,3,8
2020122,8,19,29,34,35,6,11
2020123,1,7,11,15,21,4,11
2020124,11,15,24,26,35,4,5
2020125,1,2,3,8,22,1,4
2020126,1,4,9,22,28,4,12
2020127,1,4,17,18,26,3,10
2020128,9,12,13,26,33,4,10
2020129,10,22,27,33,34,1,11
2020130,16,17,23,26,32,2,12
2020131,8,25,27,29,35,2,3
2020132,3,15,16,17,21,7,10
2020133,11,24,26,33,35,8,9
2020134,8,11,13,22,25,4,7
2021001,2,6,12,19,33,8,9
2021002,2,16,26,31,34,9,11
2021003,7,21,28,31,35,4,10
2021004,5,10,17,23,28,2,8
2021005,3,7,10,12,35,3,5
2021006,4,22,25,28,35,4,5
2021007,5,23,30,34,35,8,10
2021008,5,19,20,27,33,3,8
2021009,1,3,20,29,32,5,12
2021010,1,5,16,22,34,8,11
2021011,6,9,11,14,21,1,3
2021012,6,12,20,23,33,1,9
2021013,21,27,28,30,34,8,11
2021014,7,13,20,27,29,4,9
2021015,4,8,17,19,25,1,7
2021016,8,9,10,19,34,1,2
2021017,17,21,26,29,32,2,7
2021018,2,20,23,26,34,5,10
2021019,1,12,13,28,29,3,4
2021020,7,21,22,30,33,4,6
2021021,16,18,29,33,35,9,12
2021022,2,12,22,30,33,2,4
2021023,7,9,13,16,32,2,9
2021024,11,14,21,24,31,2,10
2021025,17,18,23,30,31,10,12
2021026,7,11,20,24,27,1,11
2021027,9,21,22,26,30,4,12
2021028,2,3,5,17,29,4,10
2021029,2,6,10,32,33,4,7
2021030,18,23,25,26,32,2,7
2021031,1,4,19,20,34,3,5
2021032,1,11,14,34,35,7,10
2021033,1,3,5,30,32,1,5
2021034,8,10,14,25,34,7,8
2021035,5,11,16,30,32,3,4
2021036,8,17,25,28,33,7,11
2021037,10,21,27,29,33,4,12
2021038,9,11,20,29,32,1,7
2021039,4,12,14,21,35,2,11
2021040,2,3,9,16,19,3,7
2021041,2,5,9,11,32,4,9
2021042,9,15,20,23,29,4,5
2021043,7,12,17,19,34,1,10
2021044,6,18,31,33,35,10,11
2021045,1,4,6,11,19,7,9
2021046,6,8,12,14,18,6,8
2021047,1,6,9,25,33,4,8
2021048,4,7,17,21,27,10,12
2021049,1,10,22,23,25,2,12
2021050,9,22,32,33,35,5,10
2021051,1,4,14,16,19,3,4
2021052,2,11,13,14,30,9,12
2021053,3,6,15,17,35,7,11
2021054,3,6,17,20,25,3,9
2021055,3,6,10,11,24,10,11
2021056,3,11,16,21,26,9,10
2021057,5,7,19,20,28,5,7
2021058,13,15,17,23,34,1,11
2021059,4,16,27,28,35,2,9
2021060,9,13,25,31,33,3,7
2021061,15,19,20,26,32,4,7
2021062,4,6,23,32,34,5,7
2021063,5,9,14,29,30,9,11
2021064,1,17,19,32,34,6,10
2021065,23,25,30,31,35,7,8
2021066,24,26,29,34,35,9,11
2021067,1,4,22,23,34,8,9
2021068,2,20,21,26,30,2,10
2021069,1,3,24,32,33,4,6
2021070,3,20,21,22,24,6,12
2021071,8,11,16,29,35,1,4
2021072,2,3,15,22,26,3,11
2021073,8,12,14,20,24,6,10
2021074,11,14,18,20,25,3,7
2021075,6,14,15,17,20,1,5
2021076,6,13,22,25,26,2,4
2021077,2,6,9,21,25,6,8
2021078,2,8,17,19,25,1,5
2021079,6,14,19,26,33,8,11
2021080,15,16,20,29,30,6,10
2021081,5,13,24,29,35,7,8
2021082,1,14,22,29,33,3,10
2021083,7,9,11,26,35,1,8
2021084,2,10,14,30,33,6,9
2021085,1,12,15,26,35,10,11
2021086,2,3,7,16,17,6,10
2021087,10,14,15,25,28,3,10
2021088,2,14,31,34,35,1,7
2021089,1,17,24,28,35,10,12
2021090,6,7,19,26,32,6,12
2021091,1,4,10,21,29,3,5
2021092,12,14,27,28,34,3,7
2021093,20,25,27,28,31,8,11
2021094,5,6,24,27,33,5,12
2021095,10,15,19,20,30,11,12
2021096,7,8,10,20,21,1,5
2021097,11,26,30,31,33,3,10
2021098,2,7,21,27,33,7,9
2021099,15,19,27,28,30,3,4
2021100,7,11,23,26,28,2,7
2021101,13,18,19,27,32,6,11
2021102,2,8,11,16,23,2,7
2021103,4,10,23,30,31,5,11
2021104,23,25,26,30,33,3,11
2021105,7,10,11,17,18,4,9
2021106,2,13,14,32,34,2,12
2021107,3,5,13,20,25,7,11
2021108,5,19,22,26,35,2,6
2021109,3,4,7,27,31,6,9
2021110,11,14,29,31,32,11,12
2021111,7,8,15,19,28,8,9
2021112,18,21,22,23,35,11,12
2021113,17,18,25,27,28,4,8
2021114,8,9,13,29,30,1,11
2021115,8,13,19,20,29,6,10
2021116,4,25,28,29,35,3,11
2021117,11,18,21,22,33,5,6
2021118,14,17,18,28,34,2,3
2021119,1,2,9,16,30,9,10
2021120,5,10,21,25,31,5,11
2021121,2,15,19,29,30,2,9
2021122,14,15,26,27,29,4,5
2021123,8,23,26,27,33,8,9
2021124,10,17,22,25,35,7,9
2021125,17,19,21,27,31,4,9
2021126,1,11,12,34,35,9,12
2021127,1,2,15,17,26,2,11
2021128,14,17,18,23,27,5,8
2021129,2,16,17,18,34,4,10
2021130,2,3,14,27,28,5,10
2021131,6,8,16,34,35,5,6
2021132,4,21,28,29,33,3,11
2021133,8,9,17,26,28,6,8
2021134,2,6,14,19,28,1,6
2021135,4,7,17,29,31,5,6
2021136,8,12,19,27,33,2,5
2021137,2,7,13,14,19,4,5
2021138,9,11,12,15,31,5,11
2021139,5,13,18,23,34,8,9
2021140,5,24,26,33,35,9,12
2021141,2,8,16,29,34,5,12
2021142,11,13,17,19,25,2,9
2021143,9,17,19,29,34,4,11
2021144,3,20,25,30,34,2,9
2021145,3,8,25,29,30,1,6
2021146,3,5,8,18,20,9,11
2021147,1,2,8,12,26,1,7
2021148,1,4,12,16,29,4,8
2021149,20,26,28,30,35,10,11
2021150,4,10,11,23,26,7,10
2022001,8,11,19,22,29,3,11
2022002,4,6,7,9,24,4,12
2022003,2,18,24,25,34,8,12
2022004,7,20,27,30,33,3,4
2022005,2,13,17,19,34,5,9
2022006,1,5,7,17,20,5,12
2022007,5,22,23,25,35,3,11
2022008,1,2,13,18,34,6,7
2022009,13,14,18,31,33,7,10
2022010,4,19,25,31,35,2,11
2022011,3,5,17,24,32,5,12
2022012,3,5,10,33,34,7,10
2022013,4,9,16,25,32,5,6
2022014,1,4,10,18,32,1,9
2022015,1,2,8,12,30,5,12
2022016,1,7,17,26,32,1,9
2022017,10,14,18,23,25,7,11
2022018,16,21,29,31,34,6,9
2022019,1,4,7,17,21,1,2
2022020,16,17,30,31,35,8,9
2022021,11,15,16,18,35,6,9
2022022,1,5,14,17,28,6,7
2022023,4,5,18,20,25,11,12
2022024,1,2,11,30,35,1,12
2022025,4,7,22,24,29,1,7
2022026,11,14,22,23,27,8,10
2022027,3,6,11,31,32,5,12
2022028,4,9,16,17,35,1,7
2022029,7,8,10,14,17,10,12
2022030,12,14,15,21,30,1,9
2022031,7,14,16,20,28,4,8
2022032,5,9,18,31,32,1,5
2022033,8,15,16,19,33,3,4
2022034,2,10,24,27,28,6,7
2022035,9,11,13,23,31,5,8
2022036,18,19,21,26,34,6,7
2022037,1,9,17,20,28,6,10
2022038,7,9,11,12,26,9,12
2022039,1,8,11,22,31,5,11
2022040,10,19,25,29,33,8,12
2022041,5,15,25,26,33,6,11
2022042,8,10,11,29,32,2,6
2022043,2,16,17,24,30,9,12
2022044,1,2,16,17,20,3,7
2022045,2,3,7,12,20,1,5
2022046,6,7,12,22,27,3,5
2022047,7,10,11,12,33,3,11
2022048,16,22,28,29,32,8,9
2022049,6,10,20,28,35,1,10
2022050,2,10,21,24,30,8,10
2022051,1,16,17,19,33,5,6
2022052,1,13,18,29,35,4,9
2022053,9,17,19,20,25,1,9
2022054,5,16,21,23,34,7,10
2022055,1,2,12,15,23,4,6
2022056,2,11,15,17,31,7,9
2022057,6,12,18,21,35,7,10
2022058,3,4,24,26,35,7,8
2022059,4,15,18,32,34,4,9
2022060,2,6,10,11,20,3,9
2022061,6,9,19,22,30,1,6
2022062,5,9,11,12,31,7,11
2022063,2,3,22,26,31,6,10
2022064,2,19,22,25,35,5,7
2022065,5,10,13,22,28,1,4
2022066,2,24,25,26,34,3,12
2022067,4,14,15,32,33,10,11
2022068,3,6,10,15,23,3,8
2022069,2,3,23,28,35,2,9
2022070,1,7,17,23,35,7,11
2022071,9,15,19,25,29,8,9
2022072,1,12,13,15,30,3,7
2022073,11,18,21,25,32,2,4
2022074,2,6,21,25,28,2,6
2022075,4,12,13,17,18,7,9
2022076,5,17,30,34,35,2,9
2022077,5,10,11,16,19,1,10
2022078,2,3,18,20,27,1,2
2022079,7,10,19,26,32,8,12
2022080,10,17,30,31,34,3,6
2022081,5,10,19,31,32,9,10
2022082,4,26,27,30,33,2,9
2022083,2,9,17,26,32,4,6
2022084,3,11,19,25,27,4,12
2022085,11,16,31,33,35,6,8
2022086,4,10,21,28,31,8,11
2022087,4,6,10,24,28,6,12
2022088,1,8,10,20,35,6,11
2022089,1,20,21,31,33,3,11
2022090,1,20,24,25,31,9,12
2022091,2,11,20,22,34,4,12
2022092,1,4,12,23,29,5,12
2022093,7,11,14,21,29,7,10
2022094,3,4,7,12,19,2,5
2022095,5,8,22,25,35,2,7
2022096,16,19,24,27,33,1,6
2022097,5,13,22,28,29,5,11
2022098,1,3,6,11,13,3,11
2022099,7,18,25,27,33,4,5
2022100,10,19,20,23,31,3,7
2022101,2,4,6,7,8,3,6
2022102,1,5,14,20,30,2,4
2022103,8,12,16,21,32,1,12
2022104,3,5,13,19,25,2,5
2022105,1,8,9,21,22,1,4
2022106,16,17,21,28,32,4,7
2022107,7,9,19,28,29,8,10
2022108,4,7,13,26,28,7,11
2022109,5,9,24,29,35,5,12
2022110,2,13,16,18,23,3,6
2022111,6,12,16,19,31,6,10
2022112,4,11,18,20,26,6,12
2022113,13,15,22,31,33,5,12
2022114,11,21,24,27,28,5,10
2022115,17,19,20,23,27,3,8
2022116,1,7,20,22,31,7,12
2022117,9,12,15,21,32,2,7
2022118,2,5,15,17,26,2,8
2022119,1,9,16,25,29,4,9
2022120,11,22,26,30,33,3,5
2022121,4,15,16,20,21,4,5
2022122,4,15,17,19,25,6,12
2022123,2,20,28,29,30,7,10
2022124,2,4,11,25,30,6,12
2022125,3,7,14,16,19,1,11
2022126,4,5,8,22,35,1,3
2022127,2,3,8,9,20,4,10
2022128,10,19,21,23,35,4,10
2022129,10,17,23,34,35,1,4
2022130,5,7,15,18,23,5,10
2022131,2,6,8,10,17,5,6
2022132,2,27,30,34,35,9,12
2022133,1,2,14,30,31,6,9
2022134,3,16,23,27,32,3,6
2022135,9,10,27,31,32,1,3
2022136,1,11,15,17,33,3,11
2022137,5,6,8,15,20,7,8
2022138,5,13,16,27,33,7,12
2022139,1,13,14,22,35,2,5
2022140,5,15,25,26,29,4,12
2022141,5,6,14,24,25,2,4
2022142,7,12,14,29,35,1,11
2022143,10,13,14,27,33,7,8
2022144,3,4,8,15,21,4,7
2022145,10,20,29,30,35,6,9
2022146,1,21,23,28,35,7,9
2022147,4,12,22,28,30,9,11
2022148,4,5,6,26,27,7,12
2022149,15,19,22,26,28,2,7
2022150,6,7,26,29,30,3,12
2023001,18,19,24,27,34,11,12
2023002,11,14,21,26,27,2,7
2023003,5,6,14,21,22,2,9
2023004,4,13,15,20,22,4,8
2023005,1,3,10,20,29,6,11
2023006,2,4,12,27,35,6,7
2023007,2,3,24,30,32,1,6
2023008,4,9,17,22,25,1,5
2023009,1,5,11,15,33,1,10
2023010,5,6,13,23,26,1,6
2023011,2,7,8,17,25,1,3
2023012,7,16,17,18,28,2,3
2023013,1,2,9,23,25,2,6
2023014,3,8,18,22,24,1,9
2023015,8,16,24,25,34,8,12
2023016,2,4,12,31,32,7,11
2023017,2,5,9,22,27,10,11
2023018,4,8,17,26,30,3,11
2023019,5,8,9,11,15,6,8
2023020,5,6,23,25,28,6,9
2023021,2,9,18,23,27,3,5
2023022,7,11,15,26,28,8,10
2023023,9,21,23,25,33,3,10
2023024,11,15,24,27,30,1,10
2023025,3,9,27,30,31,11,12
2023026,2,13,24,27,30,1,6
2023027,9,10,12,15,23,3,6
2023028,1,3,29,30,34,4,12
2023029,7,25,27,34,35,9,11
2023030,6,11,12,20,35,5,12
2023031,5,7,8,16,25,3,11
2023032,5,6,18,28,30,2,7
2023033,4,6,10,11,25,7,9
2023034,7,9,10,15,24,4,12
2023035,7,14,23,25,29,2,11
2023036,1,13,22,26,31,2,10
2023037,6,8,16,20,24,7,8
2023038,4,10,18,27,32,10,12
2023039,2,24,26,30,34,6,7
2023040,4,5,18,22,30,5,12
2023041,5,8,13,26,35,5,9
2023042,2,16,21,23,27,1,8
2023043,2,4,17,20,27,1,8
2023044,2,6,7,8,15,7,10
2023045,7,10,13,28,31,4,5
2023046,13,21,25,28,32,2,10
2023047,10,12,13,24,25,11,12
2023048,7,13,16,25,32,9,11
2023049,3,17,22,26,28,7,12
2023050,8,9,14,25,29,4,6
2023051,3,11,19,29,33,3,12
2023052,2,8,11,30,33,5,8
2023053,1,3,11,14,20,2,11
2023054,19,25,30,31,34,7,9
2023055,6,8,12,13,15,1,6
2023056,13,22,24,33,34,1,2
2023057,1,5,6,19,24,5,11
2023058,19,22,29,32,35,5,8
2023059,9,13,23,25,28,4,7
2023060,2,7,19,24,30,9,12
2023061,7,11,21,30,32,5,7
2023062,6,8,22,24,30,1,8
2023063,4,18,29,31,34,6,9
2023064,2,6,9,31,32,3,7
2023065,8,14,16,21,25,3,12
2023066,6,11,13,30,32,1,3
2023067,2,28,30,33,35,2,10
2023068,21,22,24,27,31,7,8
2023069,8,20,21,25,32,5,7
2023070,10,26,29,32,33,3,11
2023071,2,11,12,32,34,10,12
2023072,5,6,9,11,14,2,4
2023073,15,25,28,30,35,8,10
2023074,3,13,22,29,34,2,9
2023075,7,17,20,23,32,5,11
2023076,8,9,11,26,34,2,7
2023077,5,16,18,26,35,3,6
2023078,2,3,6,26,27,7,8
2023079,6,8,26,29,34,5,8
2023080,1,2,9,16,30,1,11
2023081,5,6,23,28,35,7,10
2023082,2,8,9,15,20,3,9
2023083,13,15,21,25,32,9,10
2023084,3,5,8,24,32,7,8
2023085,11,12,26,31,35,5,7
2023086,3,11,15,20,35,7,11
2023087,3,4,16,19,24,4,5
2023088,8,14,16,22,24,9,12
2023089,3,12,20,26,35,2,12
2023090,8,11,12,19,35,11,12
2023091,6,16,18,28,29,7,11
2023092,3,16,21,26,32,3,12
2023093,11,14,17,19,21,1,5
2023094,12,19,22,28,32,8,12
2023095,8,19,28,32,34,3,7
2023096,6,7,14,21,31,3,10
2023097,6,7,18,20,22,3,9
2023098,2,7,15,30,34,5,9
2023099,9,11,13,22,23,6,7
2023100,4,6,13,19,35,9,11
2023101,6,14,16,17,28,7,10
2023102,2,4,7,16,33,7,11
2023103,8,11,19,31,32,8,11
2023104,6,15,16,32,33,8,10
2023105,7,8,19,20,25,2,11
2023106,16,24,26,28,31,1,6
2023107,1,12,15,16,18,3,10
2023108,5,6,17,30,32,2,8
2023109,1,12,21,22,31,2,9
2023110,4,9,11,13,17,7,8
2023111,3,12,15,28,35,2,12
2023112,1,11,17,22,27,2,9
2023113,6,8,30,32,33,3,10
2023114,2,25,27,30,35,1,10
2023115,7,10,23,31,34,2,10
2023116,1,3,9,18,29,4,9
2023117,5,7,15,18,20,3,4
2023118,6,7,13,25,33,5,8
2023119,4,8,10,14,21,4,10
2023120,2,8,16,31,34,1,10
2023121,5,11,15,23,33,1,9
2023122,1,7,9,25,29,10,12
2023123,2,14,16,28,30,2,7
2023124,6,18,23,27,32,6,10
2023125,7,25,26,29,32,2,8
2023126,7,12,17,26,34,2,6
2023127,4,7,8,18,19,2,6
2023128,1,5,7,12,13,2,6
2023129,9,23,25,27,33,6,12
2023130,13,20,27,29,30,1,7
2023131,3,7,21,22,24,6,7
2023132,3,4,12,15,23,2,6
2023133,10,18,25,28,33,5,11
2023134,10,15,22,27,33,1,12
2023135,5,18,22,28,29,9,12
2023136,13,23,27,30,34,6,9
2023137,4,19,21,30,31,6,12
2023138,7,12,20,28,31,9,10
2023139,15,16,25,31,34,5,9
2023140,1,2,9,19,30,1,2
2023141,4,22,25,30,31,4,5
2023142,4,13,15,17,32,10,12
2023143,9,20,23,29,33,2,10
2023144,5,14,18,25,35,1,10
2023145,6,10,12,32,33,6,7
2023146,14,18,19,26,31,2,7
2023147,6,7,19,33,34,3,8
2023148,11,12,20,21,27,2,12
2023149,1,16,17,21,29,1,6
2023150,5,6,17,18,33,11,12
2024001,3,9,17,26,35,2,7
2024002,1,6,8,27,32,3,4
2024003,7,9,12,23,29,1,2
2024004,2,6,18,19,27,8,9
2024005,3,5,7,9,12,5,8
2024006,8,13,16,17,33,2,10
2024007,4,5,28,34,35,4,11
2024008,4,6,11,20,30,3,5
2024009,15,18,19,24,26,5,9
2024010,2,8,10,15,27,2,8
2024011,1,3,27,32,34,1,7
2024012,21,22,25,26,34,1,9
2024013,5,22,25,28,30,3,12
2024014,4,5,16,21,31,9,11
2024015,8,11,14,24,31,5,6
2024016,15,18,25,27,29,6,11
2024017,3,7,25,27,35,1,4
2024018,4,12,19,25,27,1,9
2024019,19,20,26,29,30,3,4
2024020,2,4,8,19,26,2,6
2024021,1,12,16,20,28,7,9
2024022,7,9,11,31,32,4,8
2024023,8,10,12,14,22,5,9
2024024,3,5,12,17,26,1,12
2024025,1,2,8,18,27,4,8
2024026,1,18,21,26,33,2,12
2024027,8,9,16,22,23,7,9
2024028,13,18,20,26,28,4,8
2024029,4,19,24,28,34,4,5
2024030,8,9,11,19,30,6,12
2024031,9,12,15,30,34,5,6
2024032,5,15,26,33,35,1,9
2024033,4,8,10,11,15,7,9
2024034,23,26,27,29,33,5,8
2024035,5,13,17,29,33,5,12
2024036,2,5,11,32,34,6,10
2024037,17,19,20,29,35,7,11
2024038,15,22,24,25,29,1,5
2024039,3,10,11,20,22,6,10
2024040,5,12,16,29,30,3,6
2024041,6,8,14,16,28,3,5
2024042,1,8,15,23,35,5,12
2024043,3,4,8,14,27,5,7
2024044,3,13,15,17,22,6,10
2024045,9,10,14,31,32,3,8
2024046,6,12,17,29,30,7,11
2024047,11,19,21,26,35,10,11
2024048,12,18,21,26,28,8,9
2024049,4,6,9,10,22,1,8
2024050,3,4,14,18,26,7,9
2024051,5,21,22,23,29,1,2
2024052,2,3,13,22,34,4,8
2024053,1,7,19,20,35,3,9
2024054,5,6,9,11,22,1,3
2024055,7,17,22,30,34,5,7
2024056,16,17,18,27,35,6,12
2024057,9,25,30,33,34,3,9
2024058,6,10,13,20,32,1,2
2024059,17,18,20,25,31,3,12
2024060,3,21,25,28,30,1,12
2024061,1,12,19,31,33,5,8
2024062,5,14,15,16,33,3,5
2024063,7,12,16,33,34,1,3
2024064,5,12,21,32,33,8,9
2024065,5,10,18,26,27,3,6
2024066,13,19,20,24,25,6,7
2024067,3,11,14,20,22,6,9
2024068,15,20,31,32,33,5,10
2024069,7,9,16,20,24,3,7
2024070,4,20,21,32,34,2,9
2024071,6,10,15,34,35,2,10
2024072,4,17,21,23,32,1,6
2024073,7,9,12,21,23,5,9
2024074,2,10,11,21,27,9,11
2024075,8,17,26,28,32,1,10
2024076,1,6,22,27,35,7,12
2024077,1,3,25,26,29,6,12
2024078,5,7,10,14,15,4,7
2024079,3,8,17,18,23,6,11
2024080,3,5,24,27,28,9,11
2024081,14,15,25,27,34,1,10
2024082,8,21,23,24,26,4,5
2024083,9,11,12,13,30,7,9
2024084,4,11,16,17,23,5,10
2024085,2,9,16,29,35,1,6
2024086,11,12,14,22,28,7,11
2024087,7,10,20,28,34,5,10
2024088,1,2,23,28,32,3,5
2024089,5,6,29,30,34,7,8
2024090,2,3,6,28,33,7,11
2024091,1,8,11,17,21,1,2
2024092,2,4,25,26,31,1,6
2024093,16,24,26,28,29,8,12
2024094,12,13,24,29,31,2,8
2024095,1,7,19,26,27,3,5
2024096,2,3,23,27,31,1,10
2024097,7,11,12,14,19,2,8
2024098,3,10,15,19,29,9,10
2024099,4,10,24,31,35,5,8
2024100,2,12,19,22,32,5,11
2024101,16,19,22,27,35,6,10
2024102,1,5,9,14,20,5,11
2024103,19,21,29,32,33,6,8
2024104,1,4,9,13,17,6,9
2024105,14,20,21,28,32,9,11
2024106,5,11,19,22,29,2,12
2024107,6,14,16,18,34,3,10
2024108,16,17,21,31,34,3,8
2024109,12,23,26,27,28,3,11
2024110,1,7,8,18,28,4,12
2024111,3,9,19,27,30,7,11
2024112,5,15,24,31,34,3,10
2024113,16,18,25,26,33,4,8
2024114,12,27,30,34,35,5,11
2024115,3,4,12,19,24,8,12
2024116,1,3,6,16,25,1,11
2024117,2,10,22,26,28,2,4
2024118,1,3,9,16,19,5,11
2024119,6,12,28,30,33,2,7
2024120,4,12,17,23,27,2,8
2024121,7,15,18,24,33,4,5
2024122,5,6,9,15,17,3,10
2024123,3,9,16,30,31,8,9
2024124,2,3,7,10,25,1,11
2024125,10,14,19,24,26,1,10
2024126,2,10,17,28,34,7,8
2024127,2,3,10,16,28,7,10
2024128,3,7,10,29,31,1,3
2024129,7,19,30,31,34,5,7
2024130,11,21,25,31,32,4,10
2024131,2,3,4,21,26,2,3
2024132,5,6,10,16,31,6,9
2024133,8,10,14,22,29,4,6
2024134,1,4,7,13,33,5,6
2024135,6,8,22,24,30,3,8
2024136,1,17,20,29,34,7,8
2024137,8,15,16,17,21,2,5
2024138,5,17,20,28,34,4,9
2024139,5,12,20,23,24,5,7
2024140,3,6,15,23,31,1,12
2024141,2,6,7,16,20,2,11
2024142,8,21,24,33,34,3,10
2024143,16,20,22,24,31,4,5
2024144,6,7,8,21,30,1,5
2024145,1,6,9,22,24,1,3
2024146,5,20,21,22,32,3,4
2024147,12,18,21,22,31,1,7
2024148,6,9,20,32,35,8,11
2024149,2,5,16,18,22,7,9
2024150,4,11,23,25,34,5,7
2024151,5,12,17,19,35,10,11
2024152,1,2,7,8,31,2,10
2025001,5,8,16,17,27,4,7
2025002,19,21,22,28,32,6,9
2025003,10,25,30,32,34,4,10
2025004,2,5,9,13,33,1,7
2025005,5,6,8,31,32,9,11
2025006,3,4,13,19,35,3,10
2025007,15,22,23,25,31,1,9
2025008,1,5,7,13,35,5,12
2025009,3,19,21,30,32,6,9
2025010,5,21,28,30,32,7,12
2025011,3,6,7,11,27,2,8
2025012,2,18,19,21,25,2,11
2025013,14,16,18,20,35,2,5
2025014,5,19,22,29,35,2,10
2025015,7,10,24,31,35,1,8
2025016,5,7,12,20,29,8,12
2025017,10,12,26,28,31,3,10
2025018,1,7,9,20,28,1,4
2025019,7,8,11,18,23,3,11
2025020,1,9,12,22,29,5,9
2025021,10,18,25,30,35,3,12
2025022,1,11,13,27,29,4,10
2025023,10,20,22,24,25,9,12
2025024,6,12,13,16,23,5,8
2025025,3,6,8,10,25,3,7
2025026,2,3,7,17,30,1,9
2025027,3,6,11,13,20,1,11
2025028,6,8,20,25,29,3,7
2025029,5,9,26,31,33,3,10
2025030,3,9,14,24,28,6,7
2025031,14,18,20,25,35,1,7
2025032,12,22,25,27,28,1,2
2025033,1,2,8,10,33,10,12
2025034,4,15,22,28,33,6,8
2025035,22,25,28,29,30,4,8
2025036,4,7,13,27,30,2,6
2025037,5,20,23,27,31,4,6
2025038,7,8,20,26,34,8,9
2025039,3,7,14,15,19,6,10
2025040,2,8,16,31,32,4,12
2025041,3,4,21,22,27,5,11
2025042,6,8,11,18,20,5,11
2025043,3,16,20,21,27,9,11
2025044,15,17,21,22,26,2,8
2025045,8,11,21,23,27,3,8
2025046,4,10,15,20,34,4,7
2025047,3,10,11,12,21,2,3
2025048,2,6,17,23,35,6,11
2025049,9,20,22,29,34,3,8
2025050,15,18,20,21,34,4,10
2025051,2,4,13,29,31,5,12
2025052,2,4,11,29,30,2,8
2025053,14,23,29,30,33,6,12
2025054,3,12,16,21,29,1,2
2025055,8,10,25,29,30,1,2
2025056,12,15,28,29,32,8,11
2025057,9,10,11,12,29,1,10
2025058,6,11,15,21,23,1,7
2025059,3,9,10,11,26,1,2
2025060,12,14,19,33,34,1,7
2025061,2,11,16,23,28,5,10
2025062,14,20,27,28,29,6,10
2025063,5,18,26,29,32,7,10
2025064,5,10,18,20,34,1,8
2025065,7,25,32,33,35,4,9
2025066,15,18,27,28,34,3,6
2025067,6,10,12,21,22,1,6
2025068,1,4,17,20,22,4,10
2025069,4,6,7,33,34,9,10
2025070,8,9,15,20,22,4,12
2025071,1,8,25,31,33,5,11
2025072,4,7,15,24,29,1,4
2025073,1,4,17,33,34,3,9
2025074,2,11,15,18,21,5,10
2025075,8,12,16,19,35,6,9
2025076,11,18,22,25,29,4,12
2025077,12,14,16,19,28,1,4
2025078,7,10,15,21,24,5,6
2025079,2,14,32,34,35,5,11
2025080,9,10,18,22,24,3,12
2025081,1,4,6,15,18,2,3
2025082,2,3,4,12,26,1,8
2025083,12,17,18,20,34,2,5
2025084,9,11,13,18,29,4,11
2025085,2,5,9,14,33,4,9
2025086,2,6,23,24,33,1,10
2025087,5,13,14,16,20,3,8
2025088,8,9,10,11,35,5,11
2025089,2,11,12,32,34,3,10
2025090,6,14,19,22,27,1,4
2025091,1,19,22,25,27,3,10
2025092,4,10,17,25,32,5,7
2025093,1,7,9,16,30,2,5
2025094,4,9,17,30,33,5,9
2025095,7,13,14,19,27,6,10
2025096,2,11,17,22,24,7,9
2025097,5,24,25,32,34,1,9
2025098,1,7,9,10,23,10,12
2025099,6,12,20,26,31,2,4
2025100,26,28,32,34,35,2,7
2025101,5,7,19,26,32,8,9
2025102,9,10,13,26,28,2,4
2025103,5,8,19,32,34,4,5
2025104,2,6,9,22,34,2,8
2025105,15,16,25,28,34,10,12
2025106,5,6,11,26,29,5,10
2025107,5,7,8,15,33,6,10
2025108,14,18,21,24,29,3,6
2025109,4,8,10,13,26,9,10
2025110,1,15,22,30,31,2,8
2025111,2,9,14,21,26,2,12
2025112,3,4,21,23,24,9,12
2025113,1,14,18,28,35,2,3
2025114,3,8,9,12,16,1,5
2025115,3,12,14,21,35,1,5
2025116,2,6,16,22,29,8,12
2025117,5,10,18,21,29,5,7
2025118,2,8,9,12,21,4,5
2025119,8,15,27,29,31,1,7
2025120,11,13,22,26,35,2,8
2025121,2,3,8,13,21,7,12
2025122,2,3,6,16,17,4,5
2025123,8,13,24,25,31,4,10
2025124,6,9,14,26,27,8,9
2025125,10,11,13,19,35,4,11
2025126,1,8,18,27,30,6,7
2025127,4,5,19,28,29,5,8
2025128,3,6,26,30,33,11,12
2025129,3,9,14,28,35,2,4
2025130,1,13,16,27,29,2,11
2025131,3,8,25,29,32,9,12
2025132,1,9,10,12,19,6,7
2025133,4,11,23,27,35,7,11
2025134,7,12,18,27,33,9,10
2025135,2,10,16,28,32,1,7
2025136,7,11,15,16,23,9,11
2025137,7,8,9,11,22,5,11
2025138,1,3,19,21,23,7,11
2025139,8,18,22,30,35,1,4
2025140,4,5,13,18,34,2,8
2025141,4,9,24,28,29,2,10
2025142,9,10,14,27,29,2,9
2025143,3,4,18,24,29,7,12
2025144,2,5,13,15,28,5,8
2025145,5,7,20,22,25,4,5
2025146,6,11,13,16,22,2,3
2025147,6,16,21,25,33,7,8
2025148,3,4,14,30,32,8,12
2025149,24,26,30,31,32,5,12
2025150,13,14,15,28,31,1,5
2026001,7,9,23,27,32,2,8
2026002,4,8,15,20,31,7,8
2026003,2,9,11,15,16,2,4
2026004,5,18,23,25,32,5,9
2026005,2,4,16,23,35,6,11
2026006,5,12,18,23,35,6,12
2026007,1,3,13,20,26,3,10
2026008,3,6,17,21,33,5,11
2026009,5,12,13,14,33,5,8
2026010,2,3,13,18,26,2,9
2026011,14,21,23,29,33,2,10
2026012,1,2,9,22,25,1,6
2026013,3,5,6,23,26,1,4
2026014,16,18,23,34,35,1,6
2026015,1,4,10,13,17,3,11
2026016,8,9,12,19,24,1,6
